{"('0', '2', '0000')": [0, 0, 0, 0], "('0', '2', '0001')": [-1.7842002498771934, 0.7344128089659427, 1.8128166958083034, -150.0], "('0', '2', '0010')": [-55.91247584543092, -0.6139573445581342, -149.99753172780902, -1.2884268753178487], "('0', '2', '0011')": [-55.93890861134471, -2.65890494538669, -122.44897959183673, -57.14285714285714], "('0', '2', '0100')": [-149.99999344525872, -0.464402694392817, 1.4120418127183774, -2.0650796863286156], "('0', '2', '0101')": [-149.92683553665972, -0.6416322726212571, -9.819203607717895, -105.26388257406697], "('0', '2', '0110')": [-110.20408163265306, -1.4201908615519625, -138.19241982507288, -1.3526670004839927], "('0', '2', '0111')": [-110.20408163265306, -1.6608129935510516, -109.62099125364432, -93.87755102040816], "('0', '2', '1000')": [2.8009042156637536, -149.99999999999997, 2.6946233767951124, -1.8094286231239125], "('0', '2', '1001')": [2.8560676328991796, -103.88261592549378, -22.310133766322014, -103.65925012368365], "('0', '2', '1010')": [2.803044627813871, -99.96206287086059, -121.00494015318135, -56.768513971790725], "('0', '2', '1011')": [2.8562307605320187, -81.63265306122449, -92.12827988338192, -92.12827988338192], "('0', '2', '1100')": [-138.19241982507288, -98.55417385613137, 3.1284408832922797, -24.156051878561257], "('0', '2', '1101')": [-119.25983221276849, -92.12827988338192, 2.8098240996296333, -110.20408163265306], "('0', '2', '1110')": [-81.63265306122449, -81.63265306122449, -57.14285714285714, 0.8906814165749402], "('0', '2', '1111')": [-110.20408163265306, -120.69970845481049, -99.73444009602413, -110.20408163265306], "('0', '3', '0000')": [0, 0, 0, 0], "('0', '3', '0001')": [-22.82874924381597, -57.21929092267113, -82.47087591269714, -149.82928291887265], "('0', '3', '0010')": [3.768978274026453, 1.0061641796522882, -149.9999999999915, 2.862820828529613], "('0', '3', '0011')": [3.3385565398970156, 0, 0, 0], "('0', '3', '0100')": [-149.99999999989214, 1.2780872233886305, -2.800391699684546, 3.690106539695679], "('0', '3', '0101')": [-85.71428571428571, -58.29842033649986, -68.05824185667295, -81.63265306122449], "('0', '3', '0110')": [-57.14285714285714, 1.5207167260859469, -110.20408163265306, -56.28237889161167], "('0', '3', '0111')": [-57.14285714285714, -21.880808116205625, -110.20408163265306, -57.14285714285714], "('0', '3', '1000')": [3.0900921011348443, -150.0, 0.8163757542826391, 3.234649527934243], "('0', '3', '1001')": [4.163755246294339, -120.69970845481049, 0.8715141967661035, -104.62817363513503], "('0', '3', '1010')": [2.0504211980329967, -112.26068851649251, -144.75216417332462, 4.767405749405687], "('0', '3', '1011')": [3.0157052489194123, 0, 0, 0], "('0', '3', '1100')": [-144.9396084964598, -92.12827988338192, -56.780598033429776, 4.065840099953856], "('0', '3', '1101')": [-85.71428571428571, -57.14285714285714, 1.670314958580167, -57.14285714285714], "('0', '3', '1110')": [-81.63265306122449, -85.71428571428571, -57.14285714285714, 1.2027496362095367], "('0', '3', '1111')": [-98.55417385613137, -122.44897959183673, -98.87546855476884, -120.69970845481049], "('0', '-1', '0000')": [0, 0, 0, 0], "('0', '-1', '0001')": [-55.91230871288496, -2.187710809486638, -56.50968025957017, -149.9686438014256], "('0', '-1', '0010')": [4.79695282634986, -1.5696287148675996, -149.9686438014256, -2.7999959975888222], "('0', '-1', '0011')": [8.217118518568578, -2.7646684532277197, 0, -57.14285714285714], "('0', '-1', '0100')": [-138.19241982507288, -2.0621240077033374, -8.56496183858633, -1.855120744677869], "('0', '-1', '0101')": [-110.20408163265306, -1.3155158789583297, -57.79911898216741, -138.19241982507288], "('0', '-1', '0110')": [-57.14285714285714, -2.7284476720817787, -122.44897959183673, -1.4316485366348723], "('0', '-1', '0111')": [-81.63265306122449, -0.41455254186823187, -57.14285714285714, -85.71428571428571], "('0', '-1', '1000')": [3.4988338031444957, -150.0, 1.108514589345316, -1.834770898794686], "('0', '-1', '1001')": [3.1887002754376015, -141.6195632772059, 1.105409004190336, -101.98350298648644], "('0', '-1', '1010')": [9.154895113309898, -97.37609329446065, -85.71428571428571, 1.058870980210359], "('0', '-1', '1011')": [2.8339992774614178, -57.14285714285714, -57.14285714285714, -57.14285714285714], "('0', '-1', '1100')": [-110.20408163265306, -81.63265306122449, -57.29548444977653, -0.5055390955126708], "('0', '-1', '1101')": [-85.71428571428571, -85.71428571428571, 1.300375946281556, -85.71428571428571], "('0', '-1', '1110')": [-57.14285714285714, -85.71428571428571, -85.71428571428571, -2.6524407199263687], "('0', '-1', '1111')": [-85.71428571428571, -57.14285714285714, -57.14285714285714, 0], "('1', '2', '0000')": [0, 0, 0, 0], "('1', '2', '0001')": [-2.128058939419022, 2.799996891777485, 2.799932597565711, -150.0], "('1', '2', '0010')": [-0.10655927246042718, -22.371416121277328, -149.9999847056037, -0.4988976314578122], "('1', '2', '0011')": [-2.756556935745091, 1.2223992093754112, -122.44897959183673, -92.12827988338192], "('1', '2', '0100')": [-150.0, 2.4443104270915628, 2.799996982382537, 0.767686904775791], "('1', '2', '0101')": [-149.9993791322002, 0.34595864008393074, -55.94165325632195, -100.00421325502052], "('1', '2', '0110')": [-118.86670234551114, -55.749412613364264, -137.54498686100794, -1.4788730988840184], "('1', '2', '0111')": [-137.4427321949188, 2.765057519126789, -116.36817992503123, -101.87421907538526], "('1', '2', '1000')": [0.7813178562913281, -149.9999999986298, 2.7784050111398244, -0.4980696828119039], "('1', '2', '1001')": [0.06624777444926436, -149.07054033608446, -55.9687306458203, -100.49766765084595], "('1', '2', '1010')": [-2.7785675137855055, -111.12036651395252, -120.08601858069342, -4.657027259660827], "('1', '2', '1011')": [-0.3601333103956075, -122.44897959183673, -85.71428571428571, -93.87755102040816], "('1', '2', '1100')": [-96.62640566430653, -147.83126078419707, 2.6295771512380384, -57.4660563999788], "('1', '2', '1101')": [-92.12827988338192, -142.6905456059975, 2.791293462610359, -96.62640566430653], "('1', '2', '1110')": [-110.20408163265306, -57.14285714285714, -110.20408163265306, -1.4083497280518875], "('1', '2', '1111')": [-125.9475218658892, -100.05961548864764, -132.94460641399417, -128.3058686674527], "('1', '3', '0000')": [0, 0, 0, 0], "('1', '3', '0001')": [0.8061534700711737, 2.4266519284478485, -73.98145708656807, -149.9686438014256], "('1', '3', '0010')": [0.8808440451009467, 2.754940284507309, -150.0, 2.8135415947407756], "('1', '3', '0011')": [-0.7096577203063299, 2.8793265140206463, 0, 0], "('1', '3', '0100')": [-150.0, 2.7719331796724545, 0.5753453634945691, -22.362035609557655], "('1', '3', '0101')": [-128.71896185141517, 2.653723321991154, -56.95403347445522, -108.04907229234799], "('1', '3', '0110')": [-106.38874310756626, 2.6687336106003703, -149.97629670162416, 0.5145004817646222], "('1', '3', '0111')": [-57.14285714285714, 2.837126271014834, -85.71428571428571, -85.71428571428571], "('1', '3', '1000')": [0.9285853114515666, -149.9999999999999, -10.253486394600726, 2.8249789900526605], "('1', '3', '1001')": [-0.9992049589914438, -138.19241982507288, -57.25734728859874, -97.37609329446065], "('1', '3', '1010')": [0.7969149058642765, -137.4427321949188, -122.44897959183673, 2.329355272646529], "('1', '3', '1011')": [-0.46645421200755055, -85.71428571428571, -57.14285714285714, -85.71428571428571], "('1', '3', '1100')": [-98.55417385613137, -138.19241982507288, -2.5062003628499663, -22.37422778942021], "('1', '3', '1101')": [-85.71428571428571, -81.63265306122449, 0.6625021394495795, -93.87755102040816], "('1', '3', '1110')": [-57.14285714285714, -97.37609329446065, -81.63265306122449, 2.497341200318803], "('1', '3', '1111')": [-92.12827988338192, -81.63265306122449, -85.71428571428571, -81.63265306122449], "('1', '-1', '0000')": [0, 0, 0, 0], "('1', '-1', '0001')": [-2.0429590468932326, 2.668534450848936, -56.9628297878331, -149.6016601440362],