{"('0', '2', '0000')": [0, 0, 0, 0], "('0', '2', '0001')": [2.95043135040685, -2.380930059115931, 2.8967058681186897, -150.0], "('0', '2', '0010')": [-55.768597645321414, -2.0218402648660065, -149.99996431307534, -2.793597577334353], "('0', '2', '0011')": [-55.93890861134471, 0.8896197175775107, -138.19241982507288, -57.14285714285714], "('0', '2', '0100')": [-149.99999999941275, -2.148099940901385, -81.11542910516089, -12.308865489772863], "('0', '2', '0101')": [-149.99424069822103, 1.1358561848008089, 2.8967058681186897, -100.96683557482862], "('0', '2', '0110')": [-132.94460641399417, -1.300894601805322, -144.9396084964598, -2.4587979072843775], "('0', '2', '0111')": [-110.20408163265306, -1.567903425280728, -109.62099125364432, -93.87755102040816], "('0', '2', '1000')": [3.0376859700968053, -150.0, -22.36045998904903, -1.6624115015380152], "('0', '2', '1001')": [2.797587531621068, -100.02405823262148, -22.375318065728607, -132.22014291103338], "('0', '2', '1010')": [2.895842844733971, -99.99303195587235, -108.20549777276455, -2.1668958862014587], "('0', '2', '1011')": [2.7993037836940546, -81.63265306122449, -92.12827988338192, -92.12827988338192], "('0', '2', '1100')": [-138.19241982507288, -98.55417385613137, -1.4359675091982629, 0.8615806565326648], "('0', '2', '1101')": [-108.2542138054722, -92.12827988338192, 2.8633239175001703, -110.20408163265306], "('0', '2', '1110')": [-81.63265306122449, -81.63265306122449, -57.14285714285714, -0.12932269324705553], "('0', '2', '1111')": [-110.20408163265306, -120.69970845481049, -128.57112633401744, -110.20408163265306], "('0', '3', '0000')": [0, 0, 0, 0], "('0', '3', '0001')": [2.8203475164055893, -1.6015781719269981, -3.602235211588627, -149.92683553665972], "('0', '3', '0010')": [2.7905379818381775, 1.1180843949129595, -150.0, 2.841007429042401], "('0', '3', '0011')": [-0.23073375048274083, -0.10865229025135942, -85.71428571428571, 0], "('0', '3', '0100')": [-150.0, 1.7637065364421867, -10.053013863485479, 3.639466826336962], "('0', '3', '0101')": [-85.71428571428571, -0.7987537859872209, -68.05824185667295, -81.63265306122449], "('0', '3', '0110')": [-57.14285714285714, 0.9564241183638635, -110.20408163265306, -56.28237889161167], "('0', '3', '0111')": [-57.14285714285714, -1.664397835641119, -110.20408163265306, -57.14285714285714], "('0', '3', '1000')": [2.8188768467507574, -150.0, -2.7715390709393883, 2.8293624783897693], "('0', '3', '1001')": [2.9735676324136815, -120.69970845481049, -56.96815389174094, -104.62817363513503], "('0', '3', '1010')": [2.6858629550588278, -100.26686825397039, -149.9940273652362, 2.8452398554714833], "('0', '3', '1011')": [-0.7776436268306155, -57.14285714285714, -85.71428571428571, 0], "('0', '3', '1100')": [-144.9396084964598, -92.12827988338192, -56.780598033429776, 8.590474148178778], "('0', '3', '1101')": [-85.71428571428571, -57.14285714285714, -0.31270532016109326, -57.14285714285714], "('0', '3', '1110')": [-81.63265306122449, -85.71428571428571, -57.14285714285714, 2.835233192656439], "('0', '3', '1111')": [-127.95178879548487, -122.44897959183673, -128.08948652347237, -108.8713036234902], "('0', '-1', '0000')": [0, 0, 0, 0], "('0', '-1', '0001')": [11.079947671176377, -0.26910883180731565, -23.846144169902914, -149.99424069822103], "('0', '-1', '0010')": [2.9735589556132234, -1.751424906362518, -149.99894216906102, -0.7443342509133772], "('0', '-1', '0011')": [3.875452914938747, -2.7646684532277197, -85.71428571428571, -81.63265306122449], "('0', '-1', '0100')": [-149.07054033608446, -1.648252740056685, 0.43827553552166065, -57.89834957147952], "('0', '-1', '0101')": [-114.11911703456893, -1.6481579072668349, -22.631557306076626, -138.19241982507288], "('0', '-1', '0110')": [-57.14285714285714, -2.7284476720817787, -122.44897959183673, -1.3342171424373408], "('0', '-1', '0111')": [-81.63265306122449, -0.6475834692675545, -57.14285714285714, -85.71428571428571], "('0', '-1', '1000')": [3.214393381814166, -150.0, -0.6687123592455861, -2.2997543880963107], "('0', '-1', '1001')": [4.472926763012698, -149.34031547663136, 0.2588189509016531, -100.0122905734613], "('0', '-1', '1010')": [2.8724148382745316, -105.15929344308677, -132.69471053727614, 0.786576866124838], "('0', '-1', '1011')": [5.675771651605526, -57.14285714285714, -57.14285714285714, -57.14285714285714], "('0', '-1', '1100')": [-110.20408163265306, -81.63265306122449, -57.29548444977653, -0.9714907918877917], "('0', '-1', '1101')": [-85.71428571428571, -93.87755102040816, -4.630408007243612, -85.71428571428571], "('0', '-1', '1110')": [-57.14285714285714, -85.71428571428571, -85.71428571428571, -2.1226188492263334], "('0', '-1', '1111')": [-85.71428571428571, -81.63265306122449, -57.14285714285714, -57.14285714285714], "('1', '2', '0000')": [0, 0, 0, 0], "('1', '2', '0001')": [-0.6378167350104258, -0.7948681890028613, 2.7588862752455734, -150.0], "('1', '2', '0010')": [-0.30787564198598455, -56.06746696293655, -149.99999999941275, -1.197921176988003], "('1', '2', '0011')": [-2.7781095460293574, 2.796504227800109, -138.19241982507288, -96.62640566430653], "('1', '2', '0100')": [-150.0, 2.938572650199726, 2.5174757569410016, -1.6979510888440088], "('1', '2', '0101')": [-148.37002217230472, 2.791541495166788, 2.7735697483721546, -113.88982254417328], "('1', '2', '0110')": [-100.00328408322875, -56.29990089842344, -149.92282378449178, 0.36610373434013865], "('1', '2', '0111')": [-106.87723652559734, 2.7945623236328068, -131.57782896582205, -101.87421907538526], "('1', '2', '1000')": [-2.540562660781329, -150.0, -55.989103520594135, 0.32353795804771834], "('1', '2', '1001')": [-1.803563179030521, -147.7484688373467, -60.91882220270388, -100.21328613607685], "('1', '2', '1010')": [-25.540678029409836, -133.33729993455108, -137.17972224886861, -2.753040203727318], "('1', '2', '1011')": [-2.1825286745207175, -122.44897959183673, -85.71428571428571, -93.87755102040816], "('1', '2', '1100')": [-99.73444009602413, -149.6016601440362, 2.83392774519309, -57.4660563999788], "('1', '2', '1101')": [-92.12827988338192, -142.6905456059975, 2.8529576255048212, -98.55417385613137], "('1', '2', '1110')": [-104.3731778425656, -57.14285714285714, -132.94460641399417, -0.9055754623606169], "('1', '2', '1111')": [-128.94658462625162, -128.57612133584107, -132.94460641399417, -112.13108657176545], "('1', '3', '0000')": [0, 0, 0, 0], "('1', '3', '0001')": [-58.3425786952948, 2.7966330994895436, -57.73629312885588, -149.99424069822103], "('1', '3', '0010')": [-1.1916834985889604, 2.790298628984573, -150.0, 2.740157049231157], "('1', '3', '0011')": [-0.7096577203063299, 2.8793265140206463, 0, 0], "('1', '3', '0100')": [-150.0, 2.7494341834251363, 2.337172135120779, 2.7947626487758876], "('1', '3', '0101')": [-103.62817324507014, 1.8430030405964257, -81.46695755963532, -146.69774038452886], "('1', '3', '0110')": [-100.01696594006171, -55.944591685895055, -144.7513869357899, 2.8050373900080237], "('1', '3', '0111')": [-57.14285714285714, 2.4108197374263964, -122.44897959183673, -85.71428571428571], "('1', '3', '1000')": [-2.7142246008545587, -150.0, -3.0123732555169154, -22.737964472269116], "('1', '3', '1001')": [-57.63382804783696, -107.01493425358481, 0.7787396817290089, -99.51805795204379], "('1', '3', '1010')": [-0.878357295442963, -144.61831379782234, -138.19241982507288, -0.32899480475754206], "('1', '3', '1011')": [-0.5265073150889602, -85.71428571428571, -57.14285714285714, -85.71428571428571], "('1', '3', '1100')": [-99.88618861258178, -138.19241982507288, 0.7989934088409234, 2.803238263530584], "('1', '3', '1101')": [-85.71428571428571, -81.63265306122449, 0.7909667396537077, -93.87755102040816], "('1', '3', '1110')": [-57.14285714285714, -97.37609329446065, -81.63265306122449, 2.800380160712864], "('1', '3', '1111')": [-96.62640566430653, -96.62640566430653, -93.87755102040816, -92.12827988338192], "('1', '-1', '0000')": [0, 0, 0, 0],