{"('0', '2', '0000')": [0, 0, 0, 0], "('0', '2', '0001')": [4.628383502091379, 0.80920324787603, 2.802789610866509, -149.99999999999844], "('0', '2', '0010')": [2.895444731279233, -24.371533313343722, -149.9686438014256, 0.8331847194283473], "('0', '2', '0011')": [2.502856485205804, 0.9385919322450184, -85.71428571428571, -93.87755102040816], "('0', '2', '0100')": [-149.99424069822103, 0.8173244701686015, 2.8445184897272995, -1.0088154461929717], "('0', '2', '0101')": [-149.77103154468386, 1.2238472879586726, 2.821939984884006, -100.61369174533033], "('0', '2', '0110')": [-97.37609329446065, 0.8824991953170339, -114.11911703456893, -58.03065160714231], "('0', '2', '0111')": [-85.71428571428571, -56.46211699822987, -57.14285714285714, -57.14285714285714], "('0', '2', '1000')": [2.8462827158349953, -149.99999999974833, -2.2759579152999754, -1.3120963592074302], "('0', '2', '1001')": [2.9802600430716275, -141.104262440823, -22.362168872088603, -149.95107810029134], "('0', '2', '1010')": [2.8105697420780125, -107.01493425358481, -110.20408163265306, -1.0112029627093946], "('0', '2', '1011')": [2.1898288189943775, -85.71428571428571, -57.14285714285714, -57.14285714285714], "('0', '2', '1100')": [-138.19241982507288, -81.63265306122449, 1.101504127344024, -1.4459314224595563], "('0', '2', '1101')": [-85.71428571428571, -81.63265306122449, 2.822385386650411, -81.63265306122449], "('0', '2', '1110')": [-85.71428571428571, -57.14285714285714, -57.14285714285714, 0.8110259278597636], "('0', '2', '1111')": [-92.12827988338192, -81.63265306122449, -81.63265306122449, -81.63265306122449], "('0', '3', '0000')": [0, 0, 0, 0], "('0', '3', '0001')": [2.7274412799798373, -58.17441485956601, -64.26771144603228, -85.71428571428571], "('0', '3', '0010')": [-55.47443304503503, 2.0263699397083212, -149.9995466438833, 3.18250167532075], "('0', '3', '0011')": [2.910790625842148, 0, 0, 0], "('0', '3', '0100')": [-149.99991673050917, 0.9310677726835466, -56.709848728596214, 2.8873613858078233], "('0', '3', '0101')": [-122.44897959183673, -0.44724874945423254, -58.100180447038696, -110.20408163265306], "('0', '3', '0110')": [-122.44897959183673, -1.6850378957137297, -85.71428571428571, -55.891003390167505], "('0', '3', '0111')": [-57.14285714285714, -2.083238814530153, -85.71428571428571, -57.14285714285714], "('0', '3', '1000')": [2.6836065945192593, -149.99999999680284, 0.4714099670735704, -22.368727999195073], "('0', '3', '1001')": [2.388723332693659, -110.20408163265306, 1.3970385812470054, -120.69970845481049], "('0', '3', '1010')": [-0.7723952945984405, -129.49737553820157, -101.87421907538526, 2.8136660857843907], "('0', '3', '1011')": [2.9318030565306312, 0, 0, 0], "('0', '3', '1100')": [-122.44897959183673, -57.14285714285714, 0.8084206859520228, 2.9398665495598966], "('0', '3', '1101')": [-110.20408163265306, -85.71428571428571, 0.5326567759309815, -85.71428571428571], "('0', '3', '1110')": [-57.14285714285714, -85.71428571428571, -110.20408163265306, 2.8087852053965885], "('0', '3', '1111')": [-81.63265306122449, -85.71428571428571, -81.63265306122449, -110.20408163265306], "('0', '-1', '0000')": [0, 0, 0, 0], "('0', '-1', '0001')": [2.8092377466647127, -2.38998574957495, -0.033844482160439615, -147.83126078419707], "('0', '-1', '0010')": [3.6827089786437206, -0.1502355551720554, -144.9396084964598, -0.7936196441632308], "('0', '-1', '0011')": [10.85780919402403, -1.5190691450927591, -85.71428571428571, -57.14285714285714], "('0', '-1', '0100')": [-85.71428571428571, -2.301297213329225, -56.79407472897137, -2.7935451754830742], "('0', '-1', '0101')": [-57.14285714285714, -2.4794053902713724, -2.799582810459101, -138.19241982507288], "('0', '-1', '0110')": [-57.14285714285714, -1.871869914333627, -57.14285714285714, -2.6128051745560406], "('0', '-1', '0111')": [-57.14285714285714, -1.867508616569631, -57.14285714285714, 0], "('0', '-1', '1000')": [3.592842775073226, -150.0, 0.8966301016430946, 1.3388288336444738], "('0', '-1', '1001')": [3.228794737721678, -122.44897959183673, 0.5144253799710059, -110.79907181531505], "('0', '-1', '1010')": [-55.93712340327553, -110.20408163265306, -81.63265306122449, 3.138446169316846], "('0', '-1', '1011')": [4.471699558251634, -57.14285714285714, -85.71428571428571, -85.71428571428571], "('0', '-1', '1100')": [-85.71428571428571, -57.14285714285714, -56.758143948149254, 0.8685109229650675], "('0', '-1', '1101')": [-57.14285714285714, -57.14285714285714, 0.5308474050839277, -85.71428571428571], "('0', '-1', '1110')": [-57.14285714285714, -57.14285714285714, -57.14285714285714, 0.2514314054930403], "('0', '-1', '1111')": [0, 0, 0, 0], "('1', '2', '0000')": [0, 0, 0, 0], "('1', '2', '0001')": [0.7704116819154261, 3.3630426519615044, 2.744836864714112, -150.0], "('1', '2', '0010')": [-0.4832234795579548, 5.009522340118508, -149.9998057045214, 0.803876496215812], "('1', '2', '0011')": [0.12654155452880989, -28.234261284068385, -122.44897959183673, -99.3803602240563], "('1', '2', '0100')": [-149.9999999986298, 3.892252414718611, 2.763317214686238, 1.155777880315965], "('1', '2', '0101')": [-121.42415669205451, -55.94366897897447, 3.3439352505035433, -128.755545964472], "('1', '2', '0110')": [-99.99999997893997, 3.6196073744601245, -147.74496044258845, 0.8921561552302362], "('1', '2', '0111')": [-96.62640566430653, 2.763215240064558, -85.71428571428571, -57.14285714285714], "('1', '2', '1000')": [-0.4832224887920675, -149.99999344525872, 3.1618413492693653, 0.7625204693635037], "('1', '2', '1001')": [0.7189652795211949, -129.24212871406627, -3.0494437278835016, -129.37466531802227], "('1', '2', '1010')": [-2.7644069610768875, -99.51805795204379, -149.4246202080523, -0.2552624055490969], "('1', '2', '1011')": [1.3343729407462481, -57.14285714285714, -57.14285714285714, -110.20408163265306], "('1', '2', '1100')": [-98.55417385613137, -85.71428571428571, -18.89820504219349, 0.8357183361283786], "('1', '2', '1101')": [-57.14285714285714, -85.71428571428571, 2.8000048636957304, -57.14285714285714], "('1', '2', '1110')": [-81.63265306122449, -99.79345340801876, -57.14285714285714, -2.6589655382534927], "('1', '2', '1111')": [-132.69471053727614, -128.3058686674527, -122.44897959183673, -122.44897959183673], "('1', '3', '0000')": [0, 0, 0, 0], "('1', '3', '0001')": [-1.8925593185556775, 2.894949567438948, 0.7553867526064304, -149.82928291887265], "('1', '3', '0010')": [0.8605704852510943, 3.1205525697841727, -149.99999999253995, 2.8000000000000016], "('1', '3', '0011')": [-0.8163265306122449, 1.4800298151299933, 0, 0], "('1', '3', '0100')": [-150.0, 2.9635055832009183, 0.8187474660679557, 2.9598475315384194], "('1', '3', '0101')": [-106.76389349779811, 2.995248617495736, -56.759120691841474, -128.08948652347237], "('1', '3', '0110')": [-99.96206287086059, 2.9389142001740938, -149.89431799739737, 2.8042551288298254], "('1', '3', '0111')": [-57.14285714285714, 2.7171091822898603, 0, 0], "('1', '3', '1000')": [0.9499497740168671, -149.9999997788696, -9.782886846342587, 3.3775807015116284], "('1', '3', '1001')": [-0.5410730234866588, -85.71428571428571, -26.147788286068792, -81.63265306122449], "('1', '3', '1010')": [-0.42127502981595666, -57.14285714285714, -122.44897959183673, -10.037444700809221], "('1', '3', '1011')": [1.1484637556603112, -57.14285714285714, -57.14285714285714, -85.71428571428571], "('1', '3', '1100')": [-57.14285714285714, -147.83126078419707, -23.876815041856872, 2.960727083465623], "('1', '3', '1101')": [-81.63265306122449, -92.12827988338192, -0.5153037165051024, -122.44897959183673], "('1', '3', '1110')": [-57.14285714285714, -57.14285714285714, -85.71428571428571, 0.8747787434592468], "('1', '3', '1111')": [-57.14285714285714, -85.71428571428571, -57.14285714285714, -85.71428571428571], "('1', '-1', '0000')": [0, 0, 0, 0], "('1', '-1', '0001')": [-58.31790596999884, -55.817830623900925, 0.8479320987377137, -149.99424069822103],