{"('0', '2', '0000')": [0, 0, 0, 0], "('0', '2', '0001')": [-0.18260549102195167, -1.333082882301631, 3.5755335210690333, -150.0], "('0', '2', '0010')": [-0.24281214265258577, -1.3041895900425553, -149.9995466438833, -2.794312352214627], "('0', '2', '0011')": [-55.93890861134471, 0.9858670219576469, -138.19241982507288, -57.14285714285714], "('0', '2', '0100')": [-149.99999999253995, -1.5233030871472495, -54.94897470448235, -1.066312295518248], "('0', '2', '0101')": [-149.9865616291824, -0.6698885689637729, 3.1259296562739443, -100.96683557482862], "('0', '2', '0110')": [-132.94460641399417, -0.6636831232895465, -144.9396084964598, 0.6047085791011666], "('0', '2', '0111')": [-110.20408163265306, -0.31355906565758984, -109.62099125364432, -93.87755102040816], "('0', '2', '1000')": [2.0127520762251923, -150.0, -55.5586701647736, -1.772440243256671], "('0', '2', '1001')": [2.8466665520166208, -100.02405823262148, -57.16185686591364, -132.22014291103338], "('0', '2', '1010')": [2.7633954363873254, -99.98374123036882, -119.14616146978396, -2.1668958862014587], "('0', '2', '1011')": [2.829999931462223, -81.63265306122449, -92.12827988338192, -92.12827988338192], "('0', '2', '1100')": [-138.19241982507288, -98.55417385613137, 2.5538930284533263, 0.8450495698017915], "('0', '2', '1101')": [-108.2542138054722, -92.12827988338192, 2.992069628130966, -110.20408163265306], "('0', '2', '1110')": [-81.63265306122449, -81.63265306122449, -57.14285714285714, -0.6637035177241268], "('0', '2', '1111')": [-110.20408163265306, -120.69970845481049, -99.999294779374, -110.20408163265306], "('0', '3', '0000')": [0, 0, 0, 0], "('0', '3', '0001')": [3.633380116940814, -1.6113394175275828, -0.049461517127609586, -149.82928291887265], "('0', '3', '0010')": [1.5706005541908552, 1.6591012285874234, -149.99999999999994, 2.891280923237549], "('0', '3', '0011')": [-0.23073375048274083, 0, 0, 0], "('0', '3', '0100')": [-149.99999999999844, 0.6061473524374953, -11.34345740024103, 3.5915706422053715], "('0', '3', '0101')": [-85.71428571428571, 1.181051064874681, -68.05824185667295, -81.63265306122449], "('0', '3', '0110')": [-57.14285714285714, 2.2463534891161765, -110.20408163265306, -56.28237889161167], "('0', '3', '0111')": [-57.14285714285714, -0.47931794067730993, -110.20408163265306, -57.14285714285714], "('0', '3', '1000')": [2.471905882784783, -150.0, -56.82777357479553, 2.858682961376032], "('0', '3', '1001')": [3.4280671700032475, -120.69970845481049, 0.06364688592119608, -104.62817363513503], "('0', '3', '1010')": [2.7904998756550743, -103.39021522636448, -149.92412541763062, 2.8634292327910487], "('0', '3', '1011')": [2.9615201893501473, 0, 0, 0], "('0', '3', '1100')": [-144.9396084964598, -92.12827988338192, -56.780598033429776, 6.349846982645722], "('0', '3', '1101')": [-85.71428571428571, -57.14285714285714, -1.9897471303521224, -57.14285714285714], "('0', '3', '1110')": [-81.63265306122449, -85.71428571428571, -57.14285714285714, 2.9306728069427086], "('0', '3', '1111')": [-127.95178879548487, -122.44897959183673, -98.87546855476884, -120.69970845481049], "('0', '-1', '0000')": [0, 0, 0, 0], "('0', '-1', '0001')": [5.283990152281647, -1.0644810121924368, -23.846144169902914, -149.9865616291824], "('0', '-1', '0010')": [3.471466698628337, -1.5696287148675996, -149.99753172780902, -0.7443342509133772], "('0', '-1', '0011')": [6.859515083493625, -2.7646684532277197, 0, -81.63265306122449], "('0', '-1', '0100')": [-149.07054033608446, -0.342015945431302, -0.10184545961253622, -57.89834957147952], "('0', '-1', '0101')": [-114.11911703456893, -1.9733336387577425, -22.631557306076626, -138.19241982507288], "('0', '-1', '0110')": [-57.14285714285714, -2.7284476720817787, -122.44897959183673, 0.7289631222335868], "('0', '-1', '0111')": [-81.63265306122449, -0.6475834692675545, -57.14285714285714, -85.71428571428571], "('0', '-1', '1000')": [3.236828684898843, -150.0, 1.5204768253344556, 0.6187626689558199], "('0', '-1', '1001')": [9.114801303662198, -146.40838426165968, -56.76270368377439, -100.36431687506894], "('0', '-1', '1010')": [4.20102551192462, -128.08948652347237, -109.62099125364432, -0.8129903522032613], "('0', '-1', '1011')": [3.025263438774111, -57.14285714285714, -57.14285714285714, -57.14285714285714], "('0', '-1', '1100')": [-110.20408163265306, -81.63265306122449, -57.29548444977653, -0.9714907918877917], "('0', '-1', '1101')": [-85.71428571428571, -93.87755102040816, 0.8077380703202912, -85.71428571428571], "('0', '-1', '1110')": [-57.14285714285714, -85.71428571428571, -85.71428571428571, -2.1226188492263334], "('0', '-1', '1111')": [-85.71428571428571, -81.63265306122449, -57.14285714285714, -57.14285714285714], "('1', '2', '0000')": [0, 0, 0, 0], "('1', '2', '0001')": [-1.722159464349077, 2.7990099754050144, 2.7991671522699413, -150.0], "('1', '2', '0010')": [-2.5197339338221956, -2.243218079005162, -149.99999999680284, -2.657331177248775], "('1', '2', '0011')": [-2.424604635467194, -18.879876956767824, -138.19241982507288, -96.62640566430653], "('1', '2', '0100')": [-150.0, -0.30019159892864683, 2.799517527096334, -1.4993857186854647], "('1', '2', '0101')": [-121.3960538849306, 2.2043668026878462, 2.6126266390478223, -134.23233996163373], "('1', '2', '0110')": [-100.00328408322875, -55.955434746354506, -149.81992216381417, 0.04367291925828931], "('1', '2', '0111')": [-116.04688522639377, 2.799999998425413, -131.57782896582205, -101.87421907538526], "('1', '2', '1000')": [-2.5648652280041064, -150.0, -7.8338477043772405, -2.436687789690262], "('1', '2', '1001')": [-2.2160516552153435, -121.39721522999703, -81.49158146498777, -100.49766765084595], "('1', '2', '1010')": [-2.737697120628331, -133.33729993455108, -137.17972224886861, 0.130722884799347], "('1', '2', '1011')": [0.7710940136253215, -122.44897959183673, -85.71428571428571, -93.87755102040816], "('1', '2', '1100')": [-99.3803602240563, -149.6016601440362, 2.6811393797446215, -57.4660563999788], "('1', '2', '1101')": [-92.12827988338192, -142.6905456059975, 2.7717041246688554, -96.62640566430653], "('1', '2', '1110')": [-104.3731778425656, -57.14285714285714, -132.94460641399417, -2.75637995602899], "('1', '2', '1111')": [-100.87536412792046, -128.57612133584107, -132.94460641399417, -128.3058686674527], "('1', '3', '0000')": [0, 0, 0, 0], "('1', '3', '0001')": [-1.2523576654205741, -6.386222493152054, -1.5689648146556436, -149.99424069822103], "('1', '3', '0010')": [-1.1778592010015139, 2.9099057579807726, -150.0, 0.3199452580084979], "('1', '3', '0011')": [-0.7096577203063299, 2.8793265140206463, 0, 0], "('1', '3', '0100')": [-150.0, 2.2234800271902575, 0.7677259618296162, -0.7054347642192029], "('1', '3', '0101')": [-108.46573757183033, 2.531000355237161, -81.46695755963532, -132.02103098243487], "('1', '3', '0110')": [-100.50290397639733, -22.382233089898897, -149.98984144355322, 2.818758639176431], "('1', '3', '0111')": [-57.14285714285714, 2.4108197374263964, -122.44897959183673, -85.71428571428571], "('1', '3', '1000')": [-0.9551701432749955, -150.0, -0.9468775930222303, 2.898772274537248], "('1', '3', '1001')": [-1.2556201629745625, -116.36817992503123, -57.43015073040567, -99.51805795204379], "('1', '3', '1010')": [-0.878357295442963, -144.61831379782234, -138.19241982507288, 2.812469318879266], "('1', '3', '1011')": [-0.5265073150889602, -85.71428571428571, -57.14285714285714, -85.71428571428571], "('1', '3', '1100')": [-99.73444009602413, -138.19241982507288, -6.6735365747232915, -0.7578768555245134], "('1', '3', '1101')": [-85.71428571428571, -81.63265306122449, 0.7909667396537077, -93.87755102040816], "('1', '3', '1110')": [-57.14285714285714, -97.37609329446065, -81.63265306122449, 2.752199657852829], "('1', '3', '1111')": [-92.12827988338192, -92.12827988338192, -93.87755102040816, -92.12827988338192], "('1', '-1', '0000')": [0, 0, 0, 0], "('1', '-1', '0001')": [-58.073606046309784, -81.04286857653338, -1.8049588675381112, -149.99424069822103],