{"('0', '2', '0000')": [0, 0, 0, 0], "('0', '2', '0001')": [2.7244747164208913, 1.1873298362430478, 3.411101239668561, -149.82928291887265], "('0', '2', '0010')": [2.851837941413078, -1.1695623093062464, -138.19241982507288, 0.5248327871582867], "('0', '2', '0011')": [2.699076884940273, -1.8025425424021364, -85.71428571428571, -85.71428571428571], "('0', '2', '0100')": [-138.19241982507288, 0.9761686312357425, 3.3692144733293903, -57.58883475004645], "('0', '2', '0101')": [-130.44564764681382, 0.3447087795561585, 2.8503412903239767, -81.63265306122449], "('0', '2', '0110')": [-85.71428571428571, -1.1267443457050956, -57.14285714285714, -0.28022440476785904], "('0', '2', '0111')": [-85.71428571428571, -2.3131553324463745, -57.14285714285714, -57.14285714285714], "('0', '2', '1000')": [2.8266747161983687, -149.99996431307534, 2.811023760386542, 0.8559110142036066], "('0', '2', '1001')": [2.817148048822161, -98.55417385613137, -54.9869476779935, -122.44897959183673], "('0', '2', '1010')": [-55.678712742403874, -122.44897959183673, -57.14285714285714, 0.5248320366091888], "('0', '2', '1011')": [2.799601263342506, 0, 0, 0], "('0', '2', '1100')": [-122.44897959183673, -81.63265306122449, 2.80038859576499, -1.1593951905631132], "('0', '2', '1101')": [-85.71428571428571, -57.14285714285714, 2.8920455390092363, 0], "('0', '2', '1110')": [-85.71428571428571, -57.14285714285714, 0, -1.1339724289129127], "('0', '2', '1111')": [-57.14285714285714, -57.14285714285714, -57.14285714285714, 0], "('0', '3', '0000')": [0, 0, 0, 0], "('0', '3', '0001')": [2.9873193960662494, 0, 0, 0], "('0', '3', '0010')": [2.875565610639487, 1.0081997193715213, -138.19241982507288, 3.494193877905375], "('0', '3', '0011')": [2.854700135924085, 0, 0, 0], "('0', '3', '0100')": [-85.71428571428571, 1.352268094339682, 0.8391746625298985, 2.9084274895769915], "('0', '3', '0101')": [-85.71428571428571, -0.5857966541839179, 0.952328465141012, 0], "('0', '3', '0110')": [-85.71428571428571, -0.5582050609121388, -85.71428571428571, 3.3345664511269844], "('0', '3', '0111')": [0, 0, 0, 0], "('0', '3', '1000')": [2.99803742364941, -149.82928291887265, 0.9801923814417908, 3.108058171181445], "('0', '3', '1001')": [2.840968973793923, 0, 0, -81.63265306122449], "('0', '3', '1010')": [2.971189602807482, -85.71428571428571, -57.14285714285714, 2.862900142736118], "('0', '3', '1011')": [3.332488408725591, 0, 0, 0], "('0', '3', '1100')": [-85.71428571428571, -57.14285714285714, -0.033670490950871795, 2.862899915499626], "('0', '3', '1101')": [-57.14285714285714, -85.71428571428571, 0, 0], "('0', '3', '1110')": [-57.14285714285714, -85.71428571428571, -57.14285714285714, 2.8404678965003702], "('0', '3', '1111')": [-57.14285714285714, -85.71428571428571, 0, 0], "('0', '-1', '0000')": [0, 0, 0, 0], "('0', '-1', '0001')": [4.280159182294329, -1.287575983603485, 0.8855480454501019, -85.71428571428571], "('0', '-1', '0010')": [4.633033120014544, -0.1502355551720554, -85.71428571428571, 1.2610064555318545], "('0', '-1', '0011')": [3.2718643402919674, 0, 0, 0], "('0', '-1', '0100')": [-85.71428571428571, -0.464092421974702, 0.8170533387869345, -1.1801443193122636], "('0', '-1', '0101')": [-57.14285714285714, -1.0942094258779518, 0, 0], "('0', '-1', '0110')": [-57.14285714285714, -0.5201818198708676, -57.14285714285714, -0.45327343860594105], "('0', '-1', '0111')": [0, 0, 0, 0], "('0', '-1', '1000')": [2.891138808435191, -149.99999999974833, 1.0540255493445883, 1.3659548305896299], "('0', '-1', '1001')": [2.9515902784634047, 0, 0.8063174394167274, -57.14285714285714], "('0', '-1', '1010')": [4.819061050145185, -57.14285714285714, 0, 0], "('0', '-1', '1011')": [9.131219456717616, 0, 0, 0], "('0', '-1', '1100')": [-85.71428571428571, -57.14285714285714, 0, 0], "('0', '-1', '1101')": [-57.14285714285714, -57.14285714285714, -0.6533707621575638, 0], "('0', '-1', '1110')": [-57.14285714285714, -57.14285714285714, 0, 0], "('0', '-1', '1111')": [0, 0, 0, 0], "('1', '2', '0000')": [0, 0, 0, 0], "('1', '2', '0001')": [0.8118242207968145, 3.0707047668909406, 2.978818913881401, -149.82928291887265], "('1', '2', '0010')": [-0.7594411889435677, -8.451242209359535, -149.6016601440362, -1.8762401457445412], "('1', '2', '0011')": [-0.8772953183985177, 2.8886753367410334, -85.71428571428571, -92.12827988338192], "('1', '2', '0100')": [-147.83126078419707, 1.5302451546906397, 3.2210911893578222, -1.934816313162707], "('1', '2', '0101')": [-119.65325429273274, 2.3232714931125416, 2.80347159923696, -128.77556645679778], "('1', '2', '0110')": [-93.87755102040816, -8.340691314034334, -110.20408163265306, -1.8023548048803082], "('1', '2', '0111')": [-57.14285714285714, 2.803545018602586, 0, -57.14285714285714], "('1', '2', '1000')": [0.9784635243160102, -149.6016601440362, 2.974024533923818, -2.1447619538991587], "('1', '2', '1001')": [0.8713519759314523, -122.44897959183673, 2.9111163806164075, -110.20408163265306], "('1', '2', '1010')": [-2.5486331526282764, -85.71428571428571, -132.94460641399417, -0.8465251110804952], "('1', '2', '1011')": [0.6421565773431022, -57.14285714285714, -57.14285714285714, -57.14285714285714], "('1', '2', '1100')": [-96.62640566430653, -85.71428571428571, 2.802231766951831, 0], "('1', '2', '1101')": [-57.14285714285714, -85.71428571428571, 2.8122272665356958, -57.14285714285714], "('1', '2', '1110')": [-57.14285714285714, -85.71428571428571, -57.14285714285714, -1.6499995663627824], "('1', '2', '1111')": [-85.71428571428571, -57.14285714285714, -85.71428571428571, -85.71428571428571], "('1', '3', '0000')": [0, 0, 0, 0], "('1', '3', '0001')": [-0.0008538727211145902, 3.089183823701469, -65.87931687803, -122.44897959183673], "('1', '3', '0010')": [0.7245201898694242, 2.9355813692412838, -149.99424069822103, 2.8031446567602822], "('1', '3', '0011')": [0, 0, 0, 0], "('1', '3', '0100')": [-149.9999847056037, 2.8381810194602406, 1.1480908945630575, 2.7886261661207596], "('1', '3', '0101')": [-144.9396084964598, -55.74748183069491, 0.7658015464788057, -85.71428571428571], "('1', '3', '0110')": [-97.37609329446065, -55.94109634245761, -57.14285714285714, 2.892287511824304], "('1', '3', '0111')": [-57.14285714285714, 0.356786972194164, 0, 0], "('1', '3', '1000')": [0.8657734264770354, -149.07054033608446, 0.8511953923603375, 2.8871620808762986], "('1', '3', '1001')": [0.5282662891320371, -85.71428571428571, -26.147788286068792, -57.14285714285714], "('1', '3', '1010')": [0.8031256771308586, -57.14285714285714, -122.44897959183673, -0.6335522245107992], "('1', '3', '1011')": [0, 0, 0, 0], "('1', '3', '1100')": [-57.14285714285714, -122.44897959183673, -56.78953802070737, 2.80770010294835], "('1', '3', '1101')": [-57.14285714285714, -57.14285714285714, -57.58267388588088, -85.71428571428571], "('1', '3', '1110')": [-57.14285714285714, -57.14285714285714, -85.71428571428571, 2.800122945428824], "('1', '3', '1111')": [-57.14285714285714, 0, 0, 0], "('1', '-1', '0000')": [0, 0, 0, 0], "('1', '-1', '0001')": [-2.7303125770741303, 3.5900115547185454, 1.4836503680547826, -138.19241982507288], "('1', '-1', '0010')": [-2.799999976188186, 2.9369162860660856, -85.71428571428571, -1.7627877869460225], "('1', '-1', '0011')": [-0.9212827988338192, 2.81165481819422, 0, 0], "('1', '-1', '0100')": [-149.99996431307534, 2.8303317349266006, 1.174998412066392, -1.5114966691246479], "('1', '-1', '0101')": [-93.87755102040816, 2.8194991122908077, -16.608980715754676, -97.37609329446065], "('1', '-1', '0110')": [-57.14285714285714, 3.692963394391559, -57.14285714285714, -1.6425364621869811], "('1', '-1', '0111')": [-57.14285714285714, 0, 0, 0], "('1', '-1', '1000')": [-2.793824629462458, -147.83126078419707, -6.066671020847399, -57.08380167575103], "('1', '-1', '1001')": [-2.7960301189406076, -85.71428571428571, -10.397708678447982, -85.71428571428571], "('1', '-1', '1010')": [-2.7888185449030347, -57.14285714285714, -85.71428571428571, -2.7721864147938398], "('1', '-1', '1011')": [-0.8669638289104997, 0, 0, 0],