{"('0', '2', '0000')": [0, 0, 0, 0], "('0', '2', '0001')": [-55.929553776544566, 0.8780692412466289, 3.0688917709220878, -85.71428571428571], "('0', '2', '0010')": [2.8000003742882043, 0, 0, 0], "('0', '2', '0011')": [2.8247647294804663, 0, 0, 0], "('0', '2', '0100')": [-85.71428571428571, 0.6750886758369743, 3.6140416594168547, 0], "('0', '2', '0101')": [-57.14285714285714, 0.8633693556071225, 2.82868562448133, 0], "('0', '2', '0110')": [0, 0, 0, 0], "('0', '2', '0111')": [0, 0, 0, 0], "('0', '2', '1000')": [2.955914711217674, -149.07054033608446, 2.665204213989372, 0.8431027156769793], "('0', '2', '1001')": [2.838522912507304, 0, 0, 0], "('0', '2', '1010')": [0, 0, 0, 0], "('0', '2', '1011')": [0, 0, 0, 0], "('0', '2', '1100')": [-85.71428571428571, 0, 0, 0], "('0', '2', '1101')": [0, 0, 0, 0], "('0', '2', '1110')": [0, 0, 0, 0], "('0', '2', '1111')": [0, 0, 0, 0], "('0', '3', '0000')": [0, 0, 0, 0], "('0', '3', '0001')": [3.0972018485285604, 0, 0, 0], "('0', '3', '0010')": [3.3696059281779798, 1.033959854198236, 0, 3.1659902573532213], "('0', '3', '0011')": [0, 0, 0, 0], "('0', '3', '0100')": [-85.71428571428571, -0.6308810744669356, -23.886611072034704, 3.1650745309343478], "('0', '3', '0101')": [-85.71428571428571, 0, 0, 0], "('0', '3', '0110')": [-85.71428571428571, -0.5582050609121388, -85.71428571428571, 2.92489589811293], "('0', '3', '0111')": [0, 0, 0, 0], "('0', '3', '1000')": [2.7999999918956693, -85.71428571428571, 0.8089199163546581, 3.2640089529859964], "('0', '3', '1001')": [2.813871376344262, 0, 0, 0], "('0', '3', '1010')": [2.8208663282911868, 0, 0, 0], "('0', '3', '1011')": [0, 0, 0, 0], "('0', '3', '1100')": [-85.71428571428571, -57.14285714285714, 0, 0], "('0', '3', '1101')": [-57.14285714285714, 0, 0, 0], "('0', '3', '1110')": [-57.14285714285714, -85.71428571428571, -57.14285714285714, 0], "('0', '3', '1111')": [0, 0, 0, 0], "('0', '-1', '0000')": [0, 0, 0, 0], "('0', '-1', '0001')": [4.811951036453356, 0, 0, 0], "('0', '-1', '0010')": [2.8807931649075025, 0, 0, 0], "('0', '-1', '0011')": [3.748505981008433, 0, 0, 0], "('0', '-1', '0100')": [0, 0, 0, 0], "('0', '-1', '0101')": [0, 0, 0, 0], "('0', '-1', '0110')": [0, 0, 0, 0], "('0', '-1', '0111')": [0, 0, 0, 0], "('0', '-1', '1000')": [3.50529401202599, -144.9396084964598, 0.8153694886600241, 1.0413101565862206], "('0', '-1', '1001')": [4.275453748234019, 0, 0, 0], "('0', '-1', '1010')": [2.8772189950983282, 0, 0, 0], "('0', '-1', '1011')": [0, 0, 0, 0], "('0', '-1', '1100')": [0, 0, 0, 0], "('0', '-1', '1101')": [-57.14285714285714, 0, 0, 0], "('0', '-1', '1110')": [0, 0, 0, 0], "('0', '-1', '1111')": [0, 0, 0, 0], "('1', '2', '0000')": [0, 0, 0, 0], "('1', '2', '0001')": [1.1938252308993564, -55.957109376955096, 4.327637234453989, -85.71428571428571], "('1', '2', '0010')": [0.8071130529504882, -55.834961629527136, -85.71428571428571, -0.5345998328213336], "('1', '2', '0011')": [-0.8772953183985177, 3.259613019713778, 0, 0], "('1', '2', '0100')": [-122.44897959183673, 2.8237030191020542, 3.2962627925074175, 0], "('1', '2', '0101')": [-93.87755102040816, 3.320941351357262, 3.619521401406306, -57.14285714285714], "('1', '2', '0110')": [-85.71428571428571, 0, 0, 0], "('1', '2', '0111')": [0, 0, 0, 0], "('1', '2', '1000')": [-0.8163265306122449, -85.71428571428571, 3.6485310635821615, 0], "('1', '2', '1001')": [-0.5939453795226648, -85.71428571428571, 2.8011003860028496, 0], "('1', '2', '1010')": [-0.789469707611951, -85.71428571428571, -57.14285714285714, 0], "('1', '2', '1011')": [0, 0, 0, 0], "('1', '2', '1100')": [-57.14285714285714, 0, 0, 0], "('1', '2', '1101')": [0, 0, 0, 0], "('1', '2', '1110')": [0, 0, 0, 0], "('1', '2', '1111')": [0, 0, 0, 0], "('1', '3', '0000')": [0, 0, 0, 0], "('1', '3', '0001')": [-2.646738589936239, -57.14285714285714, -57.14285714285714, -122.44897959183673], "('1', '3', '0010')": [-0.3756500874878422, 2.6426127618869986, -122.44897959183673, 3.3805541623807303], "('1', '3', '0011')": [0, 0, 0, 0], "('1', '3', '0100')": [-144.9396084964598, 2.8000000000000016, -2.6168767812683855, 2.796527963212495], "('1', '3', '0101')": [-138.19241982507288, 2.800018100972663, 0, 0], "('1', '3', '0110')": [-85.71428571428571, 2.7999999744637307, 0, 0], "('1', '3', '0111')": [0, 0, 0, 0], "('1', '3', '1000')": [-2.6299635778934984, -122.44897959183673, -2.904837054285837, -7.232445654090595], "('1', '3', '1001')": [-2.645022733405288, -85.71428571428571, -2.414200783324711, -57.14285714285714], "('1', '3', '1010')": [-0.7212190111105883, 0, 0, 0], "('1', '3', '1011')": [0, 0, 0, 0], "('1', '3', '1100')": [-57.14285714285714, -85.71428571428571, -56.79997420860542, 2.7999972795636854], "('1', '3', '1101')": [-57.14285714285714, -57.14285714285714, 0, 0], "('1', '3', '1110')": [0, 0, 0, 0], "('1', '3', '1111')": [0, 0, 0, 0], "('1', '-1', '0000')": [0, 0, 0, 0], "('1', '-1', '0001')": [-0.9212827988338192, 4.189853091709759, -2.0972896347548637, 0], "('1', '-1', '0010')": [-0.8163265306122449, 4.71598812752514, 0, 0], "('1', '-1', '0011')": [-0.9212827988338192, 4.415322617846677, 0, 0], "('1', '-1', '0100')": [-147.83126078419707, 3.5129462365862505, -2.365878304802509, -0.5856950692294967], "('1', '-1', '0101')": [-85.71428571428571, 5.312723292865847, 0, 0], "('1', '-1', '0110')": [-57.14285714285714, 0, 0, 0], "('1', '-1', '0111')": [0, 0, 0, 0], "('1', '-1', '1000')": [-0.8163265306122449, -85.71428571428571, -2.771229831082724, -0.48861499718618273], "('1', '-1', '1001')": [-0.8163265306122449, -85.71428571428571, 0, 0], "('1', '-1', '1010')": [0, 0, 0, 0], "('1', '-1', '1011')": [0, 0, 0, 0], "('1', '-1', '1100')": [-85.71428571428571, -85.71428571428571, 0, 0], "('1', '-1', '1101')": [0, 0, 0, 0], "('1', '-1', '1110')": [0, 0, 0, 0], "('1', '-1', '1111')": [0, 0, 0, 0], "('-1', '2', '0000')": [0, 0, 0, 0], "('-1', '2', '0001')": [1.2007567450817622, 0.9489200290722353, 3.343585572556366, -85.71428571428571], "('-1', '2', '0010')": [-0.6372285582129471, 0.9050545703343946, 0, 0], "('-1', '2', '0011')": [0, 0, 0, 0], "('-1', '2', '0100')": [-85.71428571428571, 1.3117487475854006, 0, -0.9855417385613137], "('-1', '2', '0101')": [-85.71428571428571, 0.8136708359471982, 0, 0], "('-1', '2', '0110')": [0, 0, 0, 0], "('-1', '2', '0111')": [0, 0, 0, 0], "('-1', '2', '1000')": [1.0786637935866483, -122.44897959183673, 3.150519362836571, 0], "('-1', '2', '1001')": [-0.568113645075256, -85.71428571428571, 3.7829721124900244, 0], "('-1', '2', '1010')": [0, 0, 0, 0], "('-1', '2', '1011')": [0, 0, 0, 0], "('-1', '2', '1100')": [-85.71428571428571, -85.71428571428571, 1.5205286190313467, 0], "('-1', '2', '1101')": [0, 0, 0, 0], "('-1', '2', '1110')": [0, 0, 0, 0], "('-1', '2', '1111')": [0, 0, 0, 0], "('-1', '3', '0000')": [0, 0, 0, 0], "('-1', '3', '0001')": [-0.035516485413770324, 0, 0, 0], "('-1', '3', '0010')": [-2.7943164597585692, 0.33678386853532627, -138.19241982507288, 6.107822800163595], "('-1', '3', '0011')": [0, 0, 0, 0], "('-1', '3', '0100')": [-85.71428571428571, -0.6304827882180678, -1.0, 4.9264582044757415], "('-1', '3', '0101')": [-57.14285714285714, -0.8163265306122449, 0, 0], "('-1', '3', '0110')": [-57.14285714285714, 0, 0, 0], "('-1', '3', '0111')": [0, 0, 0, 0], "('-1', '3', '1000')": [-0.9212827988338192, -85.71428571428571, -0.6268137192041185, 5.747729426885954], "('-1', '3', '1001')": [0, 0, 0, 0], "('-1', '3', '1010')": [-0.3191449086045327, -57.14285714285714, 0, 0], "('-1', '3', '1011')": [0, 0, 0, 0], "('-1', '3', '1100')": [-57.14285714285714, -57.14285714285714, -0.9212827988338192, 0], "('-1', '3', '1101')": [0, 0, 0, 0], "('-1', '3', '1110')": [0, 0, 0, 0], "('-1', '3', '1111')": [0, 0, 0, 0], "('-1', '-1', '0000')": [0, 0, 0, 0], "('-1', '-1', '0001')": [0, 0, 0, 0], "('-1', '-1', '0010')": [0, 0, 0, 0], "('-1', '-1', '0011')": [0, 0, 0, 0], "('-1', '-1', '0100')": [0, 0, 0, 0], "('-1', '-1', '0101')": [0, 0, 0, 0], "('-1', '-1', '0110')": [0, 0, 0, 0], "('-1', '-1', '0111')": [0, 0, 0, 0], "('-1', '-1', '1000')": [0, 0, 0, 0],