{"('0', '2', '0000')": [0, 0, 0, 0], "('0', '2', '0001')": [2.792181623476152, 0.8780692412466289, 3.1705072087868507, -85.71428571428571], "('0', '2', '0010')": [2.3691145850440503, 0, 0, 0], "('0', '2', '0011')": [2.800334549818554, 0, 0, 0], "('0', '2', '0100')": [-122.44897959183673, -0.5781951805552504, -55.34355161528985, -0.39861803408087826], "('0', '2', '0101')": [-57.14285714285714, 0.8633693556071225, 3.584273218867307, 0], "('0', '2', '0110')": [0, 0, 0, 0], "('0', '2', '0111')": [0, 0, 0, 0], "('0', '2', '1000')": [2.6713362930641926, -149.82928291887265, -7.949121992167148, 0.4334712346994323], "('0', '2', '1001')": [3.8148606427935583, 0, 0, -85.71428571428571], "('0', '2', '1010')": [2.3494027689133925, 0, 0, 0], "('0', '2', '1011')": [0, 0, 0, 0], "('0', '2', '1100')": [-85.71428571428571, -57.14285714285714, 3.5504098791372156, 0], "('0', '2', '1101')": [0, 0, 0, 0], "('0', '2', '1110')": [0, 0, 0, 0], "('0', '2', '1111')": [0, 0, 0, 0], "('0', '3', '0000')": [0, 0, 0, 0], "('0', '3', '0001')": [3.9797801226321683, 0, 0, 0], "('0', '3', '0010')": [3.3287592348250845, 0.9252668298329636, 0, 3.14030070760417], "('0', '3', '0011')": [0, 0, 0, 0], "('0', '3', '0100')": [-85.71428571428571, -0.6308810744669356, -23.886611072034704, 7.428571428571429], "('0', '3', '0101')": [-85.71428571428571, 0, 0, 0], "('0', '3', '0110')": [-85.71428571428571, -0.5582050609121388, -85.71428571428571, 4.468359892249513], "('0', '3', '0111')": [0, 0, 0, 0], "('0', '3', '1000')": [2.7999999918956693, -85.71428571428571, 0.8089199163546581, 4.635213684883298], "('0', '3', '1001')": [1.5059976048125967, 0, 0, 0], "('0', '3', '1010')": [3.0971683279033995, 0, 0, 0], "('0', '3', '1011')": [2.3098434287955563, 0, 0, 0], "('0', '3', '1100')": [-85.71428571428571, -57.14285714285714, -0.033670490950871795, 0], "('0', '3', '1101')": [-57.14285714285714, -85.71428571428571, 0, 0], "('0', '3', '1110')": [-57.14285714285714, -85.71428571428571, -57.14285714285714, 0], "('0', '3', '1111')": [0, 0, 0, 0], "('0', '-1', '0000')": [0, 0, 0, 0], "('0', '-1', '0001')": [3.376346215146932, 0, 0.8012387288052578, -85.71428571428571], "('0', '-1', '0010')": [5.654777033215838, -0.5817365882307627, 0, 0], "('0', '-1', '0011')": [3.741495631334444, 0, 0, 0], "('0', '-1', '0100')": [-85.71428571428571, -0.5326874353832882, 0.7518897959970066, 0], "('0', '-1', '0101')": [0, 0, 0, 0], "('0', '-1', '0110')": [0, 0, 0, 0], "('0', '-1', '0111')": [0, 0, 0, 0], "('0', '-1', '1000')": [3.9289349281714543, -149.9865616291824, 1.5584299777938306, 0.9175065315633486], "('0', '-1', '1001')": [3.056784796396314, 0, 0.8063174394167274, 0], "('0', '-1', '1010')": [3.0199365025441303, -57.14285714285714, 0, 0], "('0', '-1', '1011')": [6.421109723566548, 0, 0, 0], "('0', '-1', '1100')": [0, 0, 0, 0], "('0', '-1', '1101')": [-57.14285714285714, -57.14285714285714, 0, 0], "('0', '-1', '1110')": [0, 0, 0, 0], "('0', '-1', '1111')": [0, 0, 0, 0], "('1', '2', '0000')": [0, 0, 0, 0], "('1', '2', '0001')": [-0.5923421544201315, -55.957109376955096, 2.755683450411559, -144.9396084964598], "('1', '2', '0010')": [-0.4899759888368506, 0.2188811728782107, -138.19241982507288, 0.22268851558798625], "('1', '2', '0011')": [-0.8772953183985177, 2.792135019485797, 0, 0], "('1', '2', '0100')": [-122.44897959183673, 0.5957217556944511, 0.4544313212037585, 0], "('1', '2', '0101')": [-93.87755102040816, 1.4530887747846795, 2.8100964230480976, -57.14285714285714], "('1', '2', '0110')": [-85.71428571428571, -8.340691314034334, -57.14285714285714, 0.3480817381495477], "('1', '2', '0111')": [-57.14285714285714, 2.441098912466423, 0, 0], "('1', '2', '1000')": [0.8041422311055552, -85.71428571428571, -56.57369629954829, -0.8556326974609912], "('1', '2', '1001')": [-0.5939453795226648, -85.71428571428571, 2.774852496333372, -110.20408163265306], "('1', '2', '1010')": [-0.905846029180581, -85.71428571428571, -110.20408163265306, -0.4809646081261534], "('1', '2', '1011')": [-0.37561531289548833, -57.14285714285714, 0, 0], "('1', '2', '1100')": [-57.14285714285714, -85.71428571428571, 2.806470465921433, 0], "('1', '2', '1101')": [0, 0, 0, 0], "('1', '2', '1110')": [0, 0, 0, 0], "('1', '2', '1111')": [0, 0, 0, 0], "('1', '3', '0000')": [0, 0, 0, 0], "('1', '3', '0001')": [-0.9458694560589898, -57.14285714285714, -7.153555970867587, -122.44897959183673], "('1', '3', '0010')": [-0.3756500874878422, 2.265620086321482, -149.07054033608446, 3.037955982053612], "('1', '3', '0011')": [0, 0, 0, 0], "('1', '3', '0100')": [-149.07054033608446, 8.662849234238214, -25.668150519329842, -22.24468736456062], "('1', '3', '0101')": [-144.9396084964598, 6.561481076010429, 0.8158893807814862, 0], "('1', '3', '0110')": [-85.71428571428571, 2.806041899159057, 0, 0], "('1', '3', '0111')": [0, 0, 0, 0], "('1', '3', '1000')": [1.2359137597672167, -138.19241982507288, -26.58526658944604, 2.9786821957598795], "('1', '3', '1001')": [-2.702087451309687, -85.71428571428571, -1.0556339031556408, -57.14285714285714], "('1', '3', '1010')": [1.0904781929191587, -57.14285714285714, -122.44897959183673, -55.96140321344129], "('1', '3', '1011')": [0, 0, 0, 0], "('1', '3', '1100')": [-57.14285714285714, -122.44897959183673, 0.9187885612559514, 2.8014672913921395], "('1', '3', '1101')": [-57.14285714285714, -57.14285714285714, -1.0262390670553936, -85.71428571428571], "('1', '3', '1110')": [-57.14285714285714, -57.14285714285714, -85.71428571428571, 2.8665027022058585], "('1', '3', '1111')": [-57.14285714285714, 0, 0, 0], "('1', '-1', '0000')": [0, 0, 0, 0], "('1', '-1', '0001')": [-1.348082579207557, -55.34720581783867, -2.799704613854536, -85.71428571428571], "('1', '-1', '0010')": [-0.8163265306122449, 4.572756770280667, 0, 0], "('1', '-1', '0011')": [-0.9212827988338192, 1.5651619784762572, 0, 0], "('1', '-1', '0100')": [-149.92683553665972, 5.6939149743980195, -1.6315723669587876, -1.6349007020143573], "('1', '-1', '0101')": [-85.71428571428571, -54.86597573162892, 3.213662574029459, 0], "('1', '-1', '0110')": [-57.14285714285714, -55.89551894292693, -57.14285714285714, 0.4303698937922116], "('1', '-1', '0111')": [0, 0, 0, 0], "('1', '-1', '1000')": [-0.9114178811311373, -122.44897959183673, -57.539438141349024, 0.13779608991423858], "('1', '-1', '1001')": [-2.003440378807967, -85.71428571428571, -57.47414827701149, -85.71428571428571], "('1', '-1', '1010')": [-1.7518448088366987, -57.14285714285714, -85.71428571428571, -0.9774110149818098], "('1', '-1', '1011')": [0, 0, 0, 0], "('1', '-1', '1100')": [-85.71428571428571, -122.44897959183673, 1.4078444374426755, 0], "('1', '-1', '1101')": [-57.14285714285714, -57.14285714285714, 0.9543752586233023, 0], "('1', '-1', '1110')": [-57.14285714285714, -57.14285714285714, -85.71428571428571, 0], "('1', '-1', '1111')": [0, 0, 0, 0], "('-1', '2', '0000')": [0, 0, 0, 0], "('-1', '2', '0001')": [1.2007567450817622, 1.9905350324122373, 7.335706882440359, -122.44897959183673], "('-1', '2', '0010')": [-1.2228493359032973, -1.5196467432350356, -138.19241982507288, -1.1510806777031992], "('-1', '2', '0011')": [0.723933031226737, 0, 0, 0], "('-1', '2', '0100')": [-85.71428571428571, -1.22683866331875, -57.14285714285714, -1.678052845778577], "('-1', '2', '0101')": [-85.71428571428571, 1.30436729594499, 0, 0], "('-1', '2', '0110')": [-85.71428571428571, -1.4339258886878157, -57.14285714285714, 0], "('-1', '2', '0111')": [-85.71428571428571, 0, 0, 0], "('-1', '2', '1000')": [-0.4830533179176925, -122.44897959183673, -55.26398656231788, -1.7396103273925845], "('-1', '2', '1001')": [-1.4607921857642532, -85.71428571428571, 5.716080500684953, 0], "('-1', '2', '1010')": [-1.1440825492562852, -57.14285714285714, -57.14285714285714, -1.7294942698818816], "('-1', '2', '1011')": [-0.49453864888601784, 0, 0, 0], "('-1', '2', '1100')": [-85.71428571428571, -85.71428571428571, 3.339069218267348, 0], "('-1', '2', '1101')": [-57.14285714285714, 0, 0, 0], "('-1', '2', '1110')": [0, 0, 0, 0], "('-1', '2', '1111')": [0, 0, 0, 0],