{"('0', '2', '0000')": [0, 0, 0, 0], "('0', '2', '0001')": [2.268161546404663, 1.0839189534403455, 3.1900891111519445, -150.0], "('0', '2', '0010')": [2.6153261799564227, -1.8385700827126499, -149.99894216906102, -0.4735817614085098], "('0', '2', '0011')": [-55.93890861134471, 1.0170452997341657, -138.19241982507288, -57.14285714285714], "('0', '2', '0100')": [-149.99999998259324, 1.1425994891241655, 3.1258939084312733, -24.853050229203546], "('0', '2', '0101')": [-149.9686438014256, -0.6698885689637729, 3.1083799728379864, -100.96683557482862], "('0', '2', '0110')": [-132.94460641399417, -2.7822975124780083, -144.9396084964598, -2.632315565659626], "('0', '2', '0111')": [-110.20408163265306, 1.0741338477444757, -109.62099125364432, -93.87755102040816], "('0', '2', '1000')": [2.7488106915852883, -150.0, -8.067504274316606, 0.6867377763689763], "('0', '2', '1001')": [2.72357571453108, -100.0561358761168, 3.46901995095795, -108.51366679241121], "('0', '2', '1010')": [0.8895655984939189, -99.98374123036882, -144.67437676282924, 0.8269514586529012], "('0', '2', '1011')": [2.8077065856528374, -81.63265306122449, -92.12827988338192, -92.12827988338192], "('0', '2', '1100')": [-138.19241982507288, -98.55417385613137, 3.230084255128147, 0.8450495698017915], "('0', '2', '1101')": [-108.2542138054722, -92.12827988338192, 5.337864590567513, -110.20408163265306], "('0', '2', '1110')": [-81.63265306122449, -81.63265306122449, -57.14285714285714, 0.24792688580825128], "('0', '2', '1111')": [-110.20408163265306, -120.69970845481049, -99.9910410861216, -110.20408163265306], "('0', '3', '0000')": [0, 0, 0, 0], "('0', '3', '0001')": [-0.7734491097556317, -1.6113394175275828, -0.950972701812828, -149.82928291887265], "('0', '3', '0010')": [2.778896034722811, -1.5854257661897622, -149.99999999999994, 2.9419349310974994], "('0', '3', '0011')": [-0.23073375048274083, 0, 0, 0], "('0', '3', '0100')": [-149.99999999999844, -1.605287598599559, -1.4972109244414398, -6.725521295982803], "('0', '3', '0101')": [-85.71428571428571, -0.9293237870107514, -68.05824185667295, -81.63265306122449], "('0', '3', '0110')": [-57.14285714285714, 0.7146933955158951, -110.20408163265306, -56.28237889161167], "('0', '3', '0111')": [-57.14285714285714, -1.5396070687263477, -110.20408163265306, -57.14285714285714], "('0', '3', '1000')": [0.8128711656538805, -150.0, 1.0534788180715624, 2.89085788561428], "('0', '3', '1001')": [1.0425814836208782, -120.69970845481049, 0.06364688592119608, -104.62817363513503], "('0', '3', '1010')": [2.8002268441597717, -118.45783845465101, -149.82295930780478, 2.831714379510174], "('0', '3', '1011')": [3.0157052489194123, 0, 0, 0], "('0', '3', '1100')": [-144.9396084964598, -92.12827988338192, -56.780598033429776, 2.811381467578329], "('0', '3', '1101')": [-85.71428571428571, -57.14285714285714, -1.9897471303521224, -57.14285714285714], "('0', '3', '1110')": [-81.63265306122449, -85.71428571428571, -57.14285714285714, 1.2829959840201521], "('0', '3', '1111')": [-127.95178879548487, -122.44897959183673, -98.87546855476884, -120.69970845481049], "('0', '-1', '0000')": [0, 0, 0, 0], "('0', '-1', '0001')": [4.985855595422389, -1.9733930741112542, 1.1413772922293481, -149.9686438014256], "('0', '-1', '0010')": [3.0218910979258027, -1.5696287148675996, -149.9865616291824, -2.7999959975888222], "('0', '-1', '0011')": [4.916957247849702, -2.7646684532277197, 0, -57.14285714285714], "('0', '-1', '0100')": [-147.83126078419707, -2.0098724997372694, -8.56496183858633, 0.9078673378797124], "('0', '-1', '0101')": [-114.11911703456893, -1.9733336387577425, -22.631557306076626, -138.19241982507288], "('0', '-1', '0110')": [-57.14285714285714, -2.7284476720817787, -122.44897959183673, 0.7289631222335868], "('0', '-1', '0111')": [-81.63265306122449, -0.6475834692675545, -57.14285714285714, -85.71428571428571], "('0', '-1', '1000')": [3.222661376595373, -150.0, 0.4997741444625728, 0.6681281563693581], "('0', '-1', '1001')": [6.0930446090903745, -141.6195632772059, -56.76270368377439, -100.36431687506894], "('0', '-1', '1010')": [4.579811129883481, -98.87546855476884, -85.71428571428571, -0.42673760831485696], "('0', '-1', '1011')": [2.8554247152341707, -57.14285714285714, -57.14285714285714, -57.14285714285714], "('0', '-1', '1100')": [-110.20408163265306, -81.63265306122449, -57.29548444977653, -1.4279223031399821], "('0', '-1', '1101')": [-85.71428571428571, -93.87755102040816, 0.8077380703202912, -85.71428571428571], "('0', '-1', '1110')": [-57.14285714285714, -85.71428571428571, -85.71428571428571, -2.1226188492263334], "('0', '-1', '1111')": [-85.71428571428571, -81.63265306122449, -57.14285714285714, -57.14285714285714], "('1', '2', '0000')": [0, 0, 0, 0], "('1', '2', '0001')": [-1.2186912740750944, 2.6302777108453372, 1.6456834303108905, -150.0], "('1', '2', '0010')": [0.11412503753669388, -56.17614490646947, -149.99999719082518, -1.3700945138670395], "('1', '2', '0011')": [-2.756556935745091, 4.255202609341017, -122.44897959183673, -92.12827988338192], "('1', '2', '0100')": [-150.0, 2.6497968048687826, 2.351592482929819, -1.6369811571010962], "('1', '2', '0101')": [-121.42856758142757, 2.799964368290544, 2.488437928929867, -130.82051756889484], "('1', '2', '0110')": [-136.6571581480762, -55.94188783757239, -144.66213722614626, -2.5210107088974008], "('1', '2', '0111')": [-137.4427321949188, 2.7996238975425367, -107.01493425358481, -101.87421907538526], "('1', '2', '1000')": [-0.16028192928086277, -149.9999999999802, 2.6201587241023843, -0.9266336356890619], "('1', '2', '1001')": [-0.8909830003333518, -149.6016601440362, -55.9687306458203, -100.49766765084595], "('1', '2', '1010')": [0.5929725105397361, -111.12036651395252, -120.08601858069342, -57.6723852142295], "('1', '2', '1011')": [-1.861175081306301, -122.44897959183673, -85.71428571428571, -93.87755102040816], "('1', '2', '1100')": [-98.55417385613137, -149.6016601440362, 2.7326801412893813, -57.4660563999788], "('1', '2', '1101')": [-92.12827988338192, -142.6905456059975, 1.5020867500373236, -96.62640566430653], "('1', '2', '1110')": [-104.3731778425656, -57.14285714285714, -132.94460641399417, -2.6207008797388727], "('1', '2', '1111')": [-111.12036651395252, -128.57612133584107, -132.94460641399417, -128.3058686674527], "('1', '3', '0000')": [0, 0, 0, 0], "('1', '3', '0001')": [-57.59878448183406, 2.753132514661801, 0.4589829817317883, -149.9865616291824], "('1', '3', '0010')": [-0.12383049079053049, 2.7930315907223244, -150.0, 0.12335191621076577], "('1', '3', '0011')": [-0.7096577203063299, 2.8793265140206463, 0, 0], "('1', '3', '0100')": [-150.0, 2.727094953156859, -56.83655553477413, -57.034553893759664], "('1', '3', '0101')": [-119.7533876676041, 2.770481571400288, -60.52871408353922, -108.04907229234799], "('1', '3', '0110')": [-100.50290397639733, -0.04597202851861484, -149.97629670162416, 2.710095765335164], "('1', '3', '0111')": [-57.14285714285714, 2.4108197374263964, -122.44897959183673, -85.71428571428571], "('1', '3', '1000')": [-2.7167628917559536, -150.0, -56.80644599532155, -22.37865750343265], "('1', '3', '1001')": [-2.75601324285124, -138.19241982507288, -57.25734728859874, -98.87546855476884], "('1', '3', '1010')": [0.773156368287409, -137.4427321949188, -122.44897959183673, 0.13939636191395052], "('1', '3', '1011')": [-1.3387281786408365, -85.71428571428571, -57.14285714285714, -85.71428571428571], "('1', '3', '1100')": [-98.55417385613137, -138.19241982507288, -56.7951879352485, 2.6596530107085856], "('1', '3', '1101')": [-85.71428571428571, -81.63265306122449, 0.6161404023240984, -93.87755102040816], "('1', '3', '1110')": [-57.14285714285714, -97.37609329446065, -81.63265306122449, 2.8045258445887438], "('1', '3', '1111')": [-92.12827988338192, -92.12827988338192, -85.71428571428571, -92.12827988338192], "('1', '-1', '0000')": [0, 0, 0, 0], "('1', '-1', '0001')": [-2.726164143577291, -55.76669334524457, -11.508343627324756, -149.9686438014256],