{"('0', '2', '0000')": [0, 0, 0, 0], "('0', '2', '0001')": [2.629085184956647, -1.18935437769467, 3.251588585817, -150.0], "('0', '2', '0010')": [-8.677241550460119, -2.736664477994104, -149.9686438014256, -2.646744660361462], "('0', '2', '0011')": [2.159097500902259, -2.5041227728504953, -85.71428571428571, -57.14285714285714], "('0', '2', '0100')": [-149.9995466438833, -2.736664508310616, -22.37109045310972, -2.70147862697916], "('0', '2', '0101')": [-149.82928291887265, 0.8388208957568102, 2.8000000000000016, -112.28239267282291], "('0', '2', '0110')": [-57.14285714285714, -1.2969699348791355, -122.44897959183673, -2.485559904895516], "('0', '2', '0111')": [-57.14285714285714, -2.436227289241215, -109.62099125364432, -85.71428571428571], "('0', '2', '1000')": [2.822167736470207, -149.99999999680284, -22.37055932527487, -2.3102969992561246], "('0', '2', '1001')": [1.8029911628264914, -146.3173903694404, -55.78479543829103, -129.1798159215997], "('0', '2', '1010')": [2.912897747698186, -99.96206287086059, -121.00494015318135, -56.768513971790725], "('0', '2', '1011')": [2.738404603094102, -81.63265306122449, -92.12827988338192, -92.12827988338192], "('0', '2', '1100')": [-138.19241982507288, -57.14285714285714, 2.9165735939892548, 0.7256460552130952], "('0', '2', '1101')": [-144.9396084964598, -92.12827988338192, 3.037092631188835, -110.20408163265306], "('0', '2', '1110')": [-81.63265306122449, -81.63265306122449, -57.14285714285714, -1.498630144969901], "('0', '2', '1111')": [-110.20408163265306, -120.69970845481049, -81.63265306122449, -110.20408163265306], "('0', '3', '0000')": [0, 0, 0, 0], "('0', '3', '0001')": [2.8659236979493716, -56.805518170096484, -59.09871046296001, -149.6016601440362], "('0', '3', '0010')": [1.6512487722757099, 0.9330508744398782, -149.9999999593842, 2.8031025727215484], "('0', '3', '0011')": [2.8536155266105903, 0, 0, 0], "('0', '3', '0100')": [-149.9999997788696, 0.8004816181625265, -56.859809494079606, 2.8019945108807356], "('0', '3', '0101')": [-85.71428571428571, -58.29842033649986, -2.6445341836493306, -81.63265306122449], "('0', '3', '0110')": [-57.14285714285714, 0.5975265918334198, -57.14285714285714, -56.28237889161167], "('0', '3', '0111')": [-57.14285714285714, -1.7631830110646192, -110.20408163265306, -57.14285714285714], "('0', '3', '1000')": [2.9025261375663147, -150.0, 0.6550910302619234, -6.973812545355535], "('0', '3', '1001')": [2.8158637696072826, -120.69970845481049, -56.89144173427242, -125.19783423573512], "('0', '3', '1010')": [2.6308300353985192, -101.0921477230028, -149.9993355574374, 3.3254243406438624], "('0', '3', '1011')": [2.861737841724012, 0, 0, 0], "('0', '3', '1100')": [-144.9396084964598, -92.12827988338192, -56.780598033429776, 2.823979259620221], "('0', '3', '1101')": [-85.71428571428571, -57.14285714285714, 0.8115634322613168, -57.14285714285714], "('0', '3', '1110')": [-81.63265306122449, -85.71428571428571, -57.14285714285714, 3.1377775646441357], "('0', '3', '1111')": [-96.62640566430653, -122.44897959183673, -97.37609329446065, -120.69970845481049], "('0', '-1', '0000')": [0, 0, 0, 0], "('0', '-1', '0001')": [4.213717383052104, -1.2289409603790915, 1.477412727669605, -149.92683553665972], "('0', '-1', '0010')": [2.8228228559885036, 0.691235188275036, -149.92683553665972, -2.7999959975888222], "('0', '-1', '0011')": [5.00242511079984, 0, 0, 0], "('0', '-1', '0100')": [-138.19241982507288, -2.367249288177528, -3.447907786784728, -1.144021952958174], "('0', '-1', '0101')": [-110.20408163265306, -1.836921241456711, -57.79911898216741, -122.44897959183673], "('0', '-1', '0110')": [-57.14285714285714, -2.7284476720817787, -122.44897959183673, 1.5235393248005042], "('0', '-1', '0111')": [-81.63265306122449, -1.5552331957629235, -57.14285714285714, -85.71428571428571], "('0', '-1', '1000')": [3.6833683709858844, -150.0, 0.8423864100517147, -0.018092624164112614], "('0', '-1', '1001')": [4.325077174656939, -104.3731778425656, 0.9417716873415539, -110.79907181531505], "('0', '-1', '1010')": [2.8580238874760893, -93.87755102040816, -85.71428571428571, 0.45170832302716296], "('0', '-1', '1011')": [2.866909153366217, -57.14285714285714, -57.14285714285714, -57.14285714285714], "('0', '-1', '1100')": [-110.20408163265306, -81.63265306122449, -57.29548444977653, -1.637695896144104], "('0', '-1', '1101')": [-85.71428571428571, -85.71428571428571, -0.8484842267951156, -85.71428571428571], "('0', '-1', '1110')": [-57.14285714285714, -85.71428571428571, -85.71428571428571, -0.8640170686167024], "('0', '-1', '1111')": [-85.71428571428571, -57.14285714285714, -57.14285714285714, 0], "('1', '2', '0000')": [0, 0, 0, 0], "('1', '2', '0001')": [0.8489158837245749, 2.524060733828645, 2.8872934988352528, -150.0], "('1', '2', '0010')": [-1.1048449319545584, 0.9995347356003907, -149.99424069822103, -1.2440007180797092], "('1', '2', '0011')": [-2.6072045180568915, 1.514302231605865, -85.71428571428571, -81.63265306122449], "('1', '2', '0100')": [-150.0, 1.3969411054485277, -55.91320469795907, 0.7541677869048574], "('1', '2', '0101')": [-112.26908429793247, 2.6372276593343194, -55.866646322340195, -108.637912782043], "('1', '2', '0110')": [-140.7278065626203, -23.123324968578665, -143.77486412219127, -0.23071311754416818], "('1', '2', '0111')": [-120.69970845481049, 2.695360638143491, -138.19241982507288, -104.3731778425656], "('1', '2', '1000')": [-1.319407550316532, -149.99996431307534, -55.90811338536501, -0.35744195568510917], "('1', '2', '1001')": [-2.8, -144.9396084964598, -55.918782499676226, -101.16122451864055], "('1', '2', '1010')": [-2.777893511792745, -125.9475218658892, -142.6905456059975, -0.8318831895172725], "('1', '2', '1011')": [-1.617477350983852, -85.71428571428571, -85.71428571428571, -93.87755102040816], "('1', '2', '1100')": [-92.12827988338192, -144.9396084964598, -5.117833258733713, -2.713740256862593], "('1', '2', '1101')": [-81.63265306122449, -142.6905456059975, -18.765276194125533, -92.12827988338192], "('1', '2', '1110')": [-110.20408163265306, -57.14285714285714, -57.14285714285714, -2.127299358147483], "('1', '2', '1111')": [-125.9475218658892, -109.62099125364432, -132.94460641399417, -128.3058686674527], "('1', '3', '0000')": [0, 0, 0, 0], "('1', '3', '0001')": [-57.722234895727624, 3.9660738041166983, -73.98145708656807, -149.07054033608446], "('1', '3', '0010')": [2.1126290833457384, -1.5313832293704903, -149.99999999941275, 3.01635726101915], "('1', '3', '0011')": [-0.7096577203063299, 0, 0, 0], "('1', '3', '0100')": [-150.0, 4.613892583625838, 0.8618566693277847, 2.802009445108951], "('1', '3', '0101')": [-104.3731778425656, -55.89588092492711, -3.511555111715189, -143.82272692500572], "('1', '3', '0110')": [-134.78315691897186, -55.62135675554326, -149.87094870884266, 2.803109249758575], "('1', '3', '0111')": [-57.14285714285714, 2.802123856562423, -85.71428571428571, -85.71428571428571], "('1', '3', '1000')": [0.8104665285099506, -149.9999999999538, -3.723811561058442, 8.420173436233132], "('1', '3', '1001')": [-2.791255893172261, -138.19241982507288, -56.77744382778156, -93.87755102040816], "('1', '3', '1010')": [0.517316406513826, -137.4427321949188, -122.44897959183673, -56.47249709247289], "('1', '3', '1011')": [-7.46785426189153, -85.71428571428571, -57.14285714285714, -85.71428571428571], "('1', '3', '1100')": [-98.55417385613137, -138.19241982507288, 0.8015566945319696, 2.8052865283506745], "('1', '3', '1101')": [-85.71428571428571, -57.14285714285714, -0.5929880718252709, -85.71428571428571], "('1', '3', '1110')": [-57.14285714285714, -93.87755102040816, -81.63265306122449, 2.8323263872397213], "('1', '3', '1111')": [-92.12827988338192, -81.63265306122449, -85.71428571428571, -81.63265306122449], "('1', '-1', '0000')": [0, 0, 0, 0], "('1', '-1', '0001')": [-0.4507036345508737, 5.915812955506932, -14.499231388731893, -149.6016601440362], "('1', '-1', '0010')": [-2.769904689525241, 11.541448306787196, -144.9396084964598, -2.707690846120917],