{"('0', '2', '0000')": [0, 0, 0, 0], "('0', '2', '0001')": [0.8795368647914703, 1.6062963820426157, 3.9653963764232847, -149.9999999593842], "('0', '2', '0010')": [2.3742036906890496, -1.4254047573209525, -147.83126078419707, 0.7828311317218402], "('0', '2', '0011')": [2.801102311213394, -1.8025425424021364, -85.71428571428571, -85.71428571428571], "('0', '2', '0100')": [-149.9865616291824, -0.6290619957316037, 3.8722854153416266, 0.8046720021348492], "('0', '2', '0101')": [-143.21292270106113, -0.6841797617098, 3.1116217781132356, -142.44574964513086], "('0', '2', '0110')": [-97.37609329446065, -1.3450260177505866, -132.94460641399417, -58.03065160714231], "('0', '2', '0111')": [-85.71428571428571, -0.8283722005689454, -57.14285714285714, -57.14285714285714], "('0', '2', '1000')": [2.1376501855162986, -149.99999998259324, -0.38319313457783577, 0.7828311317218402], "('0', '2', '1001')": [-55.865977251986976, -146.468274211775, 3.0708947595870058, -146.61633593249792], "('0', '2', '1010')": [2.9558144714589965, -138.19241982507288, -110.20408163265306, 0.8037168444461402], "('0', '2', '1011')": [2.8518801110853693, -85.71428571428571, -57.14285714285714, 0], "('0', '2', '1100')": [-122.44897959183673, -81.63265306122449, 2.9061001824637316, -1.1593951905631132], "('0', '2', '1101')": [-85.71428571428571, -57.14285714285714, 2.834943758322854, -57.14285714285714], "('0', '2', '1110')": [-85.71428571428571, -57.14285714285714, -57.14285714285714, 0.8655363945885969], "('0', '2', '1111')": [-81.63265306122449, -81.63265306122449, -81.63265306122449, -57.14285714285714], "('0', '3', '0000')": [0, 0, 0, 0], "('0', '3', '0001')": [2.864899361297744, -58.17441485956601, -64.26771144603228, -85.71428571428571], "('0', '3', '0010')": [0.5693089125339628, -1.166004269702602, -149.99424069822103, 2.807130744163657], "('0', '3', '0011')": [2.866321394184624, 0, 0, 0], "('0', '3', '0100')": [-149.99424069822103, -2.2117675238485774, -57.85588291883126, -24.032351645685228], "('0', '3', '0101')": [-122.44897959183673, -2.7364522462541805, -58.100180447038696, -110.20408163265306], "('0', '3', '0110')": [-122.44897959183673, -2.597721611105766, -85.71428571428571, -55.891003390167505], "('0', '3', '0111')": [-57.14285714285714, -1.0325484338241477, -85.71428571428571, -57.14285714285714], "('0', '3', '1000')": [2.9838912631538266, -149.9998057045214, -2.613609467986319, -22.348810385620386], "('0', '3', '1001')": [-55.56507262825445, -57.14285714285714, -1.791430272283675, -120.69970845481049], "('0', '3', '1010')": [-55.831833159710115, -105.04126681909749, -101.87421907538526, 3.2549498237589343], "('0', '3', '1011')": [2.8770546942111745, 0, 0, 0], "('0', '3', '1100')": [-85.71428571428571, -57.14285714285714, -56.788550619543976, 2.8118820046316757], "('0', '3', '1101')": [-110.20408163265306, -85.71428571428571, 0.44236504118892617, -85.71428571428571], "('0', '3', '1110')": [-57.14285714285714, -85.71428571428571, -110.20408163265306, -0.6699639033496614], "('0', '3', '1111')": [-81.63265306122449, -85.71428571428571, -81.63265306122449, -110.20408163265306], "('0', '-1', '0000')": [0, 0, 0, 0], "('0', '-1', '0001')": [9.01890295102461, -2.134900058965017, -24.433640387428937, -144.9396084964598], "('0', '-1', '0010')": [2.8400516976263193, -0.1502355551720554, -122.44897959183673, -0.9660053740482689], "('0', '-1', '0011')": [-0.2385172026768761, -1.5190691450927591, -85.71428571428571, 0], "('0', '-1', '0100')": [-85.71428571428571, -2.4081614232255726, -2.195728530181977, -1.4865505083081079], "('0', '-1', '0101')": [-57.14285714285714, -0.8757696842142711, -2.799582810459101, -122.44897959183673], "('0', '-1', '0110')": [-57.14285714285714, -1.871869914333627, -57.14285714285714, -2.6128051745560406], "('0', '-1', '0111')": [-57.14285714285714, -1.867508616569631, 0, 0], "('0', '-1', '1000')": [3.446360843460476, -150.0, 2.662037995068612, 2.0503356110985593], "('0', '-1', '1001')": [-55.9178645150599, -122.44897959183673, -2.1516337572282938, -92.12827988338192], "('0', '-1', '1010')": [2.8109017006493318, -57.14285714285714, -57.14285714285714, -1.949945039996115], "('0', '-1', '1011')": [1.8450024947941133, 0, 0, 0], "('0', '-1', '1100')": [-85.71428571428571, -57.14285714285714, -56.758143948149254, -0.4309896106234983], "('0', '-1', '1101')": [-57.14285714285714, -57.14285714285714, -0.08891252739259009, -85.71428571428571], "('0', '-1', '1110')": [-57.14285714285714, -57.14285714285714, -57.14285714285714, 0.2514314054930403], "('0', '-1', '1111')": [0, 0, 0, 0], "('1', '2', '0000')": [0, 0, 0, 0], "('1', '2', '0001')": [-1.918976045277043, 2.5780262570553156, 0.9963829020302416, -149.99999999941275], "('1', '2', '0010')": [-0.08743953132357182, -66.7570186809177, -149.9686438014256, -1.4927557790690655], "('1', '2', '0011')": [-0.8772953183985177, 2.7912174609084737, -122.44897959183673, -98.55417385613137], "('1', '2', '0100')": [-149.9999847056037, 2.7402926311510876, 1.7613310415731163, -1.65822508003659], "('1', '2', '0101')": [-103.93314131949623, -56.04140764874934, 2.773788228291738, -114.51003001263422], "('1', '2', '0110')": [-99.9998992541963, -55.95719711454394, -144.74862130686762, -2.627459087191797], "('1', '2', '0111')": [-96.62640566430653, 2.7831495752286735, -85.71428571428571, -57.14285714285714], "('1', '2', '1000')": [-1.2028065956349006, -149.99753172780902, 2.060200559528469, -1.911175707611513], "('1', '2', '1001')": [-0.740473540307315, -101.56496699948795, 2.7506732512171315, -104.3731778425656], "('1', '2', '1010')": [-1.243237932526025, -98.87546855476884, -148.657447152122, -2.7560732734179085], "('1', '2', '1011')": [0.7870549208267136, -57.14285714285714, -57.14285714285714, -110.20408163265306], "('1', '2', '1100')": [-96.62640566430653, -85.71428571428571, -6.904886672961244, -2.689080841768546], "('1', '2', '1101')": [-57.14285714285714, -85.71428571428571, 2.7347732135485963, -57.14285714285714], "('1', '2', '1110')": [-81.63265306122449, -98.87546855476884, -57.14285714285714, -1.9502589224372735], "('1', '2', '1111')": [-122.44897959183673, -99.3803602240563, -122.44897959183673, -122.44897959183673], "('1', '3', '0000')": [0, 0, 0, 0], "('1', '3', '0001')": [-2.5089468911939803, -55.423903550492504, -65.87931687803, -149.6016601440362], "('1', '3', '0010')": [-1.3095398650051164, -55.94144701395422, -149.99996431307534, 2.9302015524216856], "('1', '3', '0011')": [-0.8163265306122449, 1.0035616763701154, 0, 0], "('1', '3', '0100')": [-150.0, 2.801430906844509, 1.0277991152824553, -22.37290131284749], "('1', '3', '0101')": [-119.25983221276849, 2.8183329766016314, -2.9044416446050105, -98.87546855476884], "('1', '3', '0110')": [-99.51805795204379, 2.802234008109113, -146.86737668828465, 2.4034562687696415], "('1', '3', '0111')": [-57.14285714285714, 2.9569800456335846, 0, 0], "('1', '3', '1000')": [-2.6923641469105357, -149.9865616291824, -2.8116107248091904, -8.331500402585094], "('1', '3', '1001')": [-1.1157631640320966, -85.71428571428571, -26.147788286068792, -57.14285714285714], "('1', '3', '1010')": [-0.9175674872717964, -57.14285714285714, -122.44897959183673, 0.8122635354086746], "('1', '3', '1011')": [-1.5482832358183258, -57.14285714285714, -57.14285714285714, 0], "('1', '3', '1100')": [-57.14285714285714, -138.19241982507288, -23.876815041856872, 2.8017740696674607], "('1', '3', '1101')": [-81.63265306122449, -92.12827988338192, 0.8065455467924056, -122.44897959183673], "('1', '3', '1110')": [-57.14285714285714, -57.14285714285714, -85.71428571428571, 2.9015691112627575], "('1', '3', '1111')": [-57.14285714285714, -85.71428571428571, -57.14285714285714, 0], "('1', '-1', '0000')": [0, 0, 0, 0], "('1', '-1', '0001')": [-2.1554968333634092, -55.69388891935613, -56.799469512686116, -149.9686438014256], "('1', '-1', '0010')": [-2.159618049130838, 5.3309684696449455, -147.83126078419707, -1.7982181632209455], "('1', '-1', '0011')": [-0.9212827988338192, 6.788245763811566, 0, -57.14285714285714],