{"('0', '2', '0000')": [0, 0, 0, 0], "('0', '2', '0001')": [3.098745769018164, 2.253708949368982, 2.9920508516044415, -150.0], "('0', '2', '0010')": [-55.932095645375554, -0.8144345000586047, -149.99424069822103, -1.6045503526804517], "('0', '2', '0011')": [2.8530936895463954, -2.5041227728504953, -122.44897959183673, -57.14285714285714], "('0', '2', '0100')": [-149.9999847056037, 1.2558587905029048, 2.923461261316027, -0.07564591264591106], "('0', '2', '0101')": [-149.82928291887265, 1.7591962810424668, 2.9920508516501854, -112.28239267282291], "('0', '2', '0110')": [-57.14285714285714, -2.796775590631957, -122.44897959183673, -0.8797573131416536], "('0', '2', '0111')": [-57.14285714285714, 1.9509616174368558, -109.62099125364432, -93.87755102040816], "('0', '2', '1000')": [2.9915678520233584, -149.99999999999636, 3.0979944364481273, -1.5235779437730526], "('0', '2', '1001')": [-1.924570242849289, -121.13868670546616, 2.931660381352164, -130.86838201132124], "('0', '2', '1010')": [2.926603062926352, -99.96206287086059, -121.00494015318135, -56.768513971790725], "('0', '2', '1011')": [2.80398743205048, -81.63265306122449, -92.12827988338192, -92.12827988338192], "('0', '2', '1100')": [-138.19241982507288, -92.12827988338192, 2.931573527726714, 0.7256460552130952], "('0', '2', '1101')": [-144.9396084964598, -92.12827988338192, 2.886467264618168, -110.20408163265306], "('0', '2', '1110')": [-81.63265306122449, -81.63265306122449, -57.14285714285714, 0.855815152771995], "('0', '2', '1111')": [-110.20408163265306, -120.69970845481049, -96.62640566430653, -110.20408163265306], "('0', '3', '0000')": [0, 0, 0, 0], "('0', '3', '0001')": [2.7951126550624608, -0.48916317018709077, -59.09871046296001, -149.82928291887265], "('0', '3', '0010')": [1.562924807331259, 0.7575404983689541, -149.99999999941275, 2.887896591460459], "('0', '3', '0011')": [2.8536155266105903, 0, 0, 0], "('0', '3', '0100')": [-149.9999997788696, 0.8004816181625265, -56.859809494079606, 2.85650495164189], "('0', '3', '0101')": [-85.71428571428571, -58.29842033649986, -0.15231864984233387, -81.63265306122449], "('0', '3', '0110')": [-57.14285714285714, 1.1950664970829126, -57.14285714285714, -56.28237889161167], "('0', '3', '0111')": [-57.14285714285714, -1.7631830110646192, -110.20408163265306, -57.14285714285714], "('0', '3', '1000')": [2.599350557241067, -150.0, 0.7942872373699742, -55.8388240996549], "('0', '3', '1001')": [2.79541097709913, -120.69970845481049, 0.08425137239326412, -125.19783423573512], "('0', '3', '1010')": [2.6308300353985192, -101.0921477230028, -149.99971523890173, 4.415024808241657], "('0', '3', '1011')": [2.825857027268892, 0, 0, 0], "('0', '3', '1100')": [-144.9396084964598, -92.12827988338192, -56.780598033429776, 3.8382283420554857], "('0', '3', '1101')": [-85.71428571428571, -57.14285714285714, 0.7946157512393982, -57.14285714285714], "('0', '3', '1110')": [-81.63265306122449, -85.71428571428571, -57.14285714285714, 3.1377775646441357], "('0', '3', '1111')": [-96.62640566430653, -122.44897959183673, -97.37609329446065, -120.69970845481049], "('0', '-1', '0000')": [0, 0, 0, 0], "('0', '-1', '0001')": [2.8254225506690935, -2.4217186016880135, -56.50968025957017, -149.92683553665972], "('0', '-1', '0010')": [11.923150762318922, 0.691235188275036, -149.92683553665972, -2.7999959975888222], "('0', '-1', '0011')": [9.501887301972152, -2.7646684532277197, 0, 0], "('0', '-1', '0100')": [-138.19241982507288, -2.3019209869385238, -3.447907786784728, -1.286734758161638], "('0', '-1', '0101')": [-110.20408163265306, -2.0531002738503097, -57.79911898216741, -122.44897959183673], "('0', '-1', '0110')": [-57.14285714285714, -2.7284476720817787, -122.44897959183673, 1.5235393248005042], "('0', '-1', '0111')": [-81.63265306122449, -1.5552331957629235, -57.14285714285714, -85.71428571428571], "('0', '-1', '1000')": [3.451930693719218, -150.0, 0.3587347860387976, 0.638031182828128], "('0', '-1', '1001')": [3.517466504994249, -104.3731778425656, -56.80888681087679, -104.62817363513503], "('0', '-1', '1010')": [2.8504605313410667, -93.87755102040816, -85.71428571428571, 0.45170832302716296], "('0', '-1', '1011')": [11.871216084338485, -57.14285714285714, -57.14285714285714, -57.14285714285714], "('0', '-1', '1100')": [-110.20408163265306, -81.63265306122449, -57.29548444977653, 0.883731552768847], "('0', '-1', '1101')": [-85.71428571428571, -85.71428571428571, 0.7902485819216396, -85.71428571428571], "('0', '-1', '1110')": [-57.14285714285714, -85.71428571428571, -85.71428571428571, -2.6524407199263687], "('0', '-1', '1111')": [-85.71428571428571, -57.14285714285714, -57.14285714285714, 0], "('1', '2', '0000')": [0, 0, 0, 0], "('1', '2', '0001')": [-1.4875225054037047, -55.97836358817722, 2.758881195933691, -150.0], "('1', '2', '0010')": [-2.395314572334847, -24.610962180440463, -149.99753172780902, -2.5398449998956023], "('1', '2', '0011')": [0.7980561575971344, 2.802151052052872, -85.71428571428571, -92.12827988338192], "('1', '2', '0100')": [-150.0, 2.8070729082911856, 1.6166675402221329, -2.6303618231093004], "('1', '2', '0101')": [-149.95705792135385, 2.59907842110513, 2.8033579200878602, -100.05352394340886], "('1', '2', '0110')": [-136.05204610333843, 2.8022593234191864, -137.54509120945335, -1.49884610480378], "('1', '2', '0111')": [-137.4427321949188, 2.8040564511457045, -116.36817992503123, -101.87421907538526], "('1', '2', '1000')": [-2.4959932629449497, -149.9999997788696, -56.881998504635, -2.4486689147898524], "('1', '2', '1001')": [-0.513015274300861, -144.9396084964598, -55.9687306458203, -101.16122451864055], "('1', '2', '1010')": [-2.7152779325631764, -125.9475218658892, -142.6905456059975, -4.657027259660827], "('1', '2', '1011')": [-2.4341524893944757, -85.71428571428571, -85.71428571428571, -93.87755102040816], "('1', '2', '1100')": [-92.12827988338192, -147.83126078419707, -5.117833258733713, 0.7996515924264518], "('1', '2', '1101')": [-92.12827988338192, -142.6905456059975, 2.7980844934634765, -92.12827988338192], "('1', '2', '1110')": [-110.20408163265306, -57.14285714285714, -110.20408163265306, -1.281881958344208], "('1', '2', '1111')": [-125.9475218658892, -100.75733750393118, -132.94460641399417, -128.3058686674527], "('1', '3', '0000')": [0, 0, 0, 0], "('1', '3', '0001')": [-57.722234895727624, 2.8021440812681386, -73.98145708656807, -149.82928291887265], "('1', '3', '0010')": [1.833971077092138, 2.3523888149255487, -149.99999999999932, 6.6683210344613], "('1', '3', '0011')": [-0.7096577203063299, 0, 0, 0], "('1', '3', '0100')": [-150.0, 2.7941125907422757, 0.8959363854845266, -7.942483792869062], "('1', '3', '0101')": [-104.3731778425656, 2.803819002915509, 0.8653896131656978, -118.7811686821453], "('1', '3', '0110')": [-134.78315691897186, 1.705669283050763, -149.87094870884266, 2.7122441442627356], "('1', '3', '0111')": [-57.14285714285714, 2.8083846288346352, -85.71428571428571, -85.71428571428571], "('1', '3', '1000')": [0.6499284844527846, -149.9999999999802, -0.8111052359570615, 4.784548925277054], "('1', '3', '1001')": [-0.8619858692517082, -138.19241982507288, -56.77744382778156, -93.87755102040816], "('1', '3', '1010')": [0.5918157892150594, -137.4427321949188, -122.44897959183673, -0.9073630428612194], "('1', '3', '1011')": [-0.5820075307255713, -85.71428571428571, -57.14285714285714, -85.71428571428571], "('1', '3', '1100')": [-98.55417385613137, -138.19241982507288, 0.8015566945319696, 2.811704262029494], "('1', '3', '1101')": [-85.71428571428571, -57.14285714285714, 0.7986899811123569, -85.71428571428571], "('1', '3', '1110')": [-57.14285714285714, -97.37609329446065, -81.63265306122449, 2.8875764286726042], "('1', '3', '1111')": [-92.12827988338192, -81.63265306122449, -85.71428571428571, -81.63265306122449], "('1', '-1', '0000')": [0, 0, 0, 0], "('1', '-1', '0001')": [-2.5745222061546658, -54.91304518631519, -14.499231388731893, -149.6016601440362],