{"('0', '2', '0000')": [0, 0, 0, 0], "('0', '2', '0001')": [-0.18260549102195167, -1.5668279074388685, 3.881605977390974, -150.0], "('0', '2', '0010')": [2.5832388328144944, -1.3041895900425553, -149.9995466438833, -2.794312352214627], "('0', '2', '0011')": [-55.93890861134471, 0.6394985624805187, -138.19241982507288, -57.14285714285714], "('0', '2', '0100')": [-149.99999999253995, -2.6673828087830573, -54.94897470448235, -57.78295330821953], "('0', '2', '0101')": [-149.9865616291824, -0.6698885689637729, 3.0294473281674996, -100.96683557482862], "('0', '2', '0110')": [-132.94460641399417, -2.7822975124780083, -144.9396084964598, -2.7943139074288705], "('0', '2', '0111')": [-110.20408163265306, 0.4696493452775141, -109.62099125364432, -93.87755102040816], "('0', '2', '1000')": [2.784610435847995, -150.0, -55.89979169698613, 0.6606431200812422], "('0', '2', '1001')": [2.756599835653014, -100.02405823262148, -57.16185686591364, -132.22014291103338], "('0', '2', '1010')": [2.752210185411532, -99.98374123036882, -144.67437676282924, -2.1668958862014587], "('0', '2', '1011')": [2.833280659190945, -81.63265306122449, -92.12827988338192, -92.12827988338192], "('0', '2', '1100')": [-138.19241982507288, -98.55417385613137, 2.7809495031489853, 0.8450495698017915], "('0', '2', '1101')": [-108.2542138054722, -92.12827988338192, 2.992069628130966, -110.20408163265306], "('0', '2', '1110')": [-81.63265306122449, -81.63265306122449, -57.14285714285714, 0.04434687322407038], "('0', '2', '1111')": [-110.20408163265306, -120.69970845481049, -99.99835448520601, -110.20408163265306], "('0', '3', '0000')": [0, 0, 0, 0], "('0', '3', '0001')": [2.699192165176467, -1.6113394175275828, -0.049461517127609586, -149.82928291887265], "('0', '3', '0010')": [1.3811274182953608, 1.4847635441133429, -149.99999999999994, 7.204714643706611], "('0', '3', '0011')": [-0.23073375048274083, 0, 0, 0], "('0', '3', '0100')": [-149.99999999999844, 0.6061473524374953, -11.34345740024103, 5.631646098531725], "('0', '3', '0101')": [-85.71428571428571, 1.181051064874681, -68.05824185667295, -81.63265306122449], "('0', '3', '0110')": [-57.14285714285714, 0.8228509671242807, -110.20408163265306, -56.28237889161167], "('0', '3', '0111')": [-57.14285714285714, -1.5396070687263477, -110.20408163265306, -57.14285714285714], "('0', '3', '1000')": [2.046091522650207, -150.0, -56.82777357479553, -55.363113395918305], "('0', '3', '1001')": [2.1723152147797795, -120.69970845481049, 0.06364688592119608, -104.62817363513503], "('0', '3', '1010')": [2.655195475596289, -103.39021522636448, -149.92412541763062, 4.124546791607954], "('0', '3', '1011')": [2.9615201893501473, 0, 0, 0], "('0', '3', '1100')": [-144.9396084964598, -92.12827988338192, -56.780598033429776, 7.547111706911747], "('0', '3', '1101')": [-85.71428571428571, -57.14285714285714, -1.9897471303521224, -57.14285714285714], "('0', '3', '1110')": [-81.63265306122449, -85.71428571428571, -57.14285714285714, 3.910257655443435], "('0', '3', '1111')": [-127.95178879548487, -122.44897959183673, -98.87546855476884, -120.69970845481049], "('0', '-1', '0000')": [0, 0, 0, 0], "('0', '-1', '0001')": [3.3197884820315533, -1.0644810121924368, -23.846144169902914, -149.9686438014256], "('0', '-1', '0010')": [9.651671264301772, -1.5696287148675996, -149.99424069822103, -2.7999959975888222], "('0', '-1', '0011')": [11.789032432763934, -2.7646684532277197, 0, -81.63265306122449], "('0', '-1', '0100')": [-147.83126078419707, -0.342015945431302, -0.10184545961253622, -57.89834957147952], "('0', '-1', '0101')": [-114.11911703456893, -1.9733336387577425, -22.631557306076626, -138.19241982507288], "('0', '-1', '0110')": [-57.14285714285714, -2.7284476720817787, -122.44897959183673, 0.7289631222335868], "('0', '-1', '0111')": [-81.63265306122449, -0.6475834692675545, -57.14285714285714, -85.71428571428571], "('0', '-1', '1000')": [3.41770961797402, -150.0, 0.5923399335835327, 2.35953291100551], "('0', '-1', '1001')": [12.252106834745739, -141.6195632772059, -56.76270368377439, -100.36431687506894], "('0', '-1', '1010')": [2.93453825076831, -98.87546855476884, -109.62099125364432, -0.8129903522032613], "('0', '-1', '1011')": [3.025263438774111, -57.14285714285714, -57.14285714285714, -57.14285714285714], "('0', '-1', '1100')": [-110.20408163265306, -81.63265306122449, -57.29548444977653, -0.9714907918877917], "('0', '-1', '1101')": [-85.71428571428571, -93.87755102040816, 0.8077380703202912, -85.71428571428571], "('0', '-1', '1110')": [-57.14285714285714, -85.71428571428571, -85.71428571428571, -2.1226188492263334], "('0', '-1', '1111')": [-85.71428571428571, -81.63265306122449, -57.14285714285714, -57.14285714285714], "('1', '2', '0000')": [0, 0, 0, 0], "('1', '2', '0001')": [-1.9387431459757927, -0.7264034918863352, 1.7439256930495692, -150.0], "('1', '2', '0010')": [-2.47694298392008, -56.409634053499, -149.9999999593842, -2.617923874308941], "('1', '2', '0011')": [-0.7305059638833649, -18.879876956767824, -122.44897959183673, -96.62640566430653], "('1', '2', '0100')": [-150.0, 2.693444955302163, -56.0013688915904, -56.82546350266068], "('1', '2', '0101')": [-149.82296004017766, -55.943804487649146, -56.148207535431965, -113.20879324381207], "('1', '2', '0110')": [-100.0178800086899, -55.955434746354506, -149.5798183822331, -1.109430444999808], "('1', '2', '0111')": [-137.4427321949188, 2.4922166516166513, -131.57782896582205, -101.87421907538526], "('1', '2', '1000')": [-2.2959517527351663, -149.99999999999844, -9.031265332088076, -2.34146480357777], "('1', '2', '1001')": [-56.938307507919994, -149.6016601440362, 2.4177729198021938, -100.49766765084595], "('1', '2', '1010')": [-0.05469674089966662, -133.33729993455108, -120.08601858069342, -1.4638933840024158], "('1', '2', '1011')": [0.4233331074837495, -122.44897959183673, -85.71428571428571, -93.87755102040816], "('1', '2', '1100')": [-99.3803602240563, -149.6016601440362, 2.787649945519071, -57.4660563999788], "('1', '2', '1101')": [-92.12827988338192, -142.6905456059975, 2.782939078909002, -96.62640566430653], "('1', '2', '1110')": [-104.3731778425656, -57.14285714285714, -132.94460641399417, -2.75637995602899], "('1', '2', '1111')": [-102.04251629848108, -128.57612133584107, -132.94460641399417, -128.3058686674527], "('1', '3', '0000')": [0, 0, 0, 0], "('1', '3', '0001')": [-1.0613556842940022, -81.11160888529969, -1.5689648146556436, -149.99424069822103], "('1', '3', '0010')": [0.0891640878925466, -56.22589814054562, -150.0, 1.9354509079481348], "('1', '3', '0011')": [-0.7096577203063299, 2.8793265140206463, 0, 0], "('1', '3', '0100')": [-150.0, 2.7885854683221862, -2.0588536567338385, 0.10305574454712695], "('1', '3', '0101')": [-119.7533876676041, 2.792662823448305, -60.52871408353922, -132.02103098243487], "('1', '3', '0110')": [-100.50290397639733, -22.382233089898897, -149.98984144355322, 0.20094852141480957], "('1', '3', '0111')": [-57.14285714285714, 2.4108197374263964, -122.44897959183673, -85.71428571428571], "('1', '3', '1000')": [-0.9551701432749955, -150.0, -4.244029401188948, 1.198050703954224], "('1', '3', '1001')": [-0.7527478340528371, -116.36817992503123, -57.25734728859874, -99.51805795204379], "('1', '3', '1010')": [0.7516759488536642, -137.4427321949188, -138.19241982507288, -0.572158829668242], "('1', '3', '1011')": [-0.4878984645779004, -85.71428571428571, -57.14285714285714, -85.71428571428571], "('1', '3', '1100')": [-99.73444009602413, -138.19241982507288, 0.7952833377519737, -0.13227123975559846], "('1', '3', '1101')": [-85.71428571428571, -81.63265306122449, -1.8433891931576734, -93.87755102040816], "('1', '3', '1110')": [-57.14285714285714, -97.37609329446065, -81.63265306122449, 1.130404834595215], "('1', '3', '1111')": [-92.12827988338192, -92.12827988338192, -85.71428571428571, -92.12827988338192], "('1', '-1', '0000')": [0, 0, 0, 0], "('1', '-1', '0001')": [-58.073606046309784, -81.04286857653338, -1.5411987679884587, -149.9865616291824],