{"('0', '2', '0000')": [0, 0, 0, 0], "('0', '2', '0001')": [2.757852994599867, 1.1669595303285916, 2.9018296465132254, -149.99894216906102], "('0', '2', '0010')": [-23.0004336759288, -57.152750276113046, -144.9396084964598, -2.1101951522452915], "('0', '2', '0011')": [2.656374637605956, -1.8025425424021364, -85.71428571428571, -85.71428571428571], "('0', '2', '0100')": [-149.92683553665972, 0.6489125006302161, 2.8654622837127066, -1.5872163344621315], "('0', '2', '0101')": [-134.163486302476, -1.7913300267670298, -22.35889853561298, -108.8713036234902], "('0', '2', '0110')": [-97.37609329446065, -57.62574757673075, -57.14285714285714, 0.7492998035824878], "('0', '2', '0111')": [-85.71428571428571, 0.8024424116549129, -57.14285714285714, -57.14285714285714], "('0', '2', '1000')": [2.8539513052263192, -149.99999879606793, 2.911312372547184, 0.23870102392632575], "('0', '2', '1001')": [2.7365758475747564, -111.9793380552078, 0.16976643145043202, -116.36817992503123], "('0', '2', '1010')": [3.2869271796090898, -122.44897959183673, -110.20408163265306, 0.825186998262498], "('0', '2', '1011')": [3.0048268428031735, -85.71428571428571, 0, 0], "('0', '2', '1100')": [-122.44897959183673, -81.63265306122449, 3.4199136926855154, -1.1593951905631132], "('0', '2', '1101')": [-85.71428571428571, -57.14285714285714, 2.897631704967999, 0], "('0', '2', '1110')": [-85.71428571428571, -57.14285714285714, -57.14285714285714, -1.1339724289129127], "('0', '2', '1111')": [-81.63265306122449, -81.63265306122449, -81.63265306122449, -57.14285714285714], "('0', '3', '0000')": [0, 0, 0, 0], "('0', '3', '0001')": [-55.78218892750024, 2.0190333808734375, -62.57249615024876, -85.71428571428571], "('0', '3', '0010')": [2.8021798901864523, 1.0868733265117556, -149.6016601440362, 2.8014026993279035], "('0', '3', '0011')": [2.8993016809831094, 0, 0, 0], "('0', '3', '0100')": [-144.9396084964598, 0.19650257646256314, -7.165781002456036, 2.8014188271037703], "('0', '3', '0101')": [-85.71428571428571, -57.52200351672962, -1.4578183371049493, -57.14285714285714], "('0', '3', '0110')": [-85.71428571428571, 1.9183351513262736, -85.71428571428571, -55.891003390167505], "('0', '3', '0111')": [-57.14285714285714, -2.0553279738747023, -85.71428571428571, -57.14285714285714], "('0', '3', '1000')": [2.803382724917901, -149.99753172780902, -1.7160463681309222, 2.801415005555855], "('0', '3', '1001')": [2.80057084239805, 0, 0, -120.69970845481049], "('0', '3', '1010')": [2.486348877579789, -97.37609329446065, -57.14285714285714, 2.8094845661581958], "('0', '3', '1011')": [2.9700798222999394, 0, 0, 0], "('0', '3', '1100')": [-85.71428571428571, -57.14285714285714, -56.788550619543976, 2.8060972215971147], "('0', '3', '1101')": [-57.14285714285714, -85.71428571428571, -0.2919061148364036, -85.71428571428571], "('0', '3', '1110')": [-57.14285714285714, -85.71428571428571, -57.14285714285714, 1.1318991742651299], "('0', '3', '1111')": [-57.14285714285714, -85.71428571428571, -57.14285714285714, -57.14285714285714], "('0', '-1', '0000')": [0, 0, 0, 0], "('0', '-1', '0001')": [4.05119054676127, -1.2549734062053226, -56.763336551949955, -122.44897959183673], "('0', '-1', '0010')": [5.490129193985561, -0.1502355551720554, -122.44897959183673, 1.2610064555318545], "('0', '-1', '0011')": [9.109972970582463, 0, 0, 0], "('0', '-1', '0100')": [-85.71428571428571, -1.2549936523309095, -1.095900918775631, -2.201188788066859], "('0', '-1', '0101')": [-57.14285714285714, -1.7045218961161992, -2.345901090387115, -85.71428571428571], "('0', '-1', '0110')": [-57.14285714285714, -1.789288080698319, -57.14285714285714, -0.7579487241862972], "('0', '-1', '0111')": [-57.14285714285714, 0, 0, 0], "('0', '-1', '1000')": [3.400722281221446, -150.0, 0.2979500276647513, -2.716072285085781], "('0', '-1', '1001')": [2.8639564424570274, -122.44897959183673, -2.774869179467254, -81.63265306122449], "('0', '-1', '1010')": [2.990364741486263, -57.14285714285714, -57.14285714285714, -1.949945039996115], "('0', '-1', '1011')": [2.802049313815399, 0, 0, 0], "('0', '-1', '1100')": [-85.71428571428571, -57.14285714285714, 0.9250324542436335, -2.507037543526918], "('0', '-1', '1101')": [-57.14285714285714, -57.14285714285714, -1.3218333353350564, -85.71428571428571], "('0', '-1', '1110')": [-57.14285714285714, -57.14285714285714, -57.14285714285714, -2.6589039679650854], "('0', '-1', '1111')": [0, 0, 0, 0], "('1', '2', '0000')": [0, 0, 0, 0], "('1', '2', '0001')": [0.6456124272220843, 2.7632243425233183, 2.8206981297086537, -149.9999847056037], "('1', '2', '0010')": [0.3794310439446713, -57.19178875998522, -149.92683553665972, -1.6039715421739287], "('1', '2', '0011')": [-0.8772953183985177, 0.42762877053772624, -122.44897959183673, -96.62640566430653], "('1', '2', '0100')": [-149.9865616291824, 2.785765620865048, 2.781567127178073, -1.5931452060489482], "('1', '2', '0101')": [-109.17732974549119, 1.8079803528573462, 2.815558358728106, -133.85673669614653], "('1', '2', '0110')": [-99.99303195587235, -56.1903312384058, -149.89431799739737, -2.7318955948847043], "('1', '2', '0111')": [-92.12827988338192, 2.8100025577139647, -85.71428571428571, -57.14285714285714], "('1', '2', '1000')": [-1.160850661626506, -149.9686438014256, 2.662240160095004, -1.2075220785787386], "('1', '2', '1001')": [0.5080831942966493, -146.38871315766147, 2.828670294491419, -104.3731778425656], "('1', '2', '1010')": [-2.5486331526282764, -93.87755102040816, -146.86737668828465, -1.3288912711091947], "('1', '2', '1011')": [-25.804770549203823, -57.14285714285714, -57.14285714285714, -57.14285714285714], "('1', '2', '1100')": [-96.62640566430653, -85.71428571428571, 3.0589158241037264, -2.7654391410691144], "('1', '2', '1101')": [-57.14285714285714, -85.71428571428571, 2.8638037044741136, -57.14285714285714], "('1', '2', '1110')": [-81.63265306122449, -97.37609329446065, -57.14285714285714, 0.8040382155595454], "('1', '2', '1111')": [-122.44897959183673, -92.12827988338192, -122.44897959183673, -85.71428571428571], "('1', '3', '0000')": [0, 0, 0, 0], "('1', '3', '0001')": [-2.2273326263937148, 2.911678197168599, -65.87931687803, -149.07054033608446], "('1', '3', '0010')": [0.6808245778129434, 2.8245343965304075, -149.99991673050917, 2.5869830183254168], "('1', '3', '0011')": [-0.8163265306122449, 1.0035616763701154, 0, 0], "('1', '3', '0100')": [-149.99999999999972, 3.0007096526439527, -56.56564066153004, 2.5098174061420027], "('1', '3', '0101')": [-119.25983221276849, 1.2409910838842073, -56.83665274133571, -97.37609329446065], "('1', '3', '0110')": [-98.87546855476884, -22.372143941955745, -146.86737668828465, 0.3344719022062116], "('1', '3', '0111')": [-57.14285714285714, 0.356786972194164, 0, 0], "('1', '3', '1000')": [0.855803060692698, -149.92683553665972, -2.881139310544288, 0.5027882510102972], "('1', '3', '1001')": [-1.9091702494488485, -85.71428571428571, -26.147788286068792, -57.14285714285714], "('1', '3', '1010')": [-0.9175674872717964, -57.14285714285714, -122.44897959183673, 2.807838901005348], "('1', '3', '1011')": [0, 0, 0, 0], "('1', '3', '1100')": [-57.14285714285714, -138.19241982507288, -56.78953802070737, 1.2150176522475316], "('1', '3', '1101')": [-81.63265306122449, -81.63265306122449, 0.42131688694901903, -122.44897959183673], "('1', '3', '1110')": [-57.14285714285714, -57.14285714285714, -85.71428571428571, 1.796555133793059], "('1', '3', '1111')": [-57.14285714285714, -85.71428571428571, -57.14285714285714, 0], "('1', '-1', '0000')": [0, 0, 0, 0], "('1', '-1', '0001')": [-58.040795060392256, 3.13503942642235, -56.61134262400223, -147.83126078419707], "('1', '-1', '0010')": [-2.0683204039543703, -21.692555682227738, -138.19241982507288, -0.9530874471267219], "('1', '-1', '0011')": [-0.9212827988338192, 1.810858237570177, 0, -57.14285714285714], "('1', '-1', '0100')": [-149.99999999941275, 3.1350457527521525, 0.8797501475944804, -1.7400446215853966],