{"('0', '2', '0000')": [0, 0, 0, 0], "('0', '2', '0001')": [4.300599350679441, 0.8456522228160415, 2.8043538652634012, -149.99999999999844], "('0', '2', '0010')": [-22.266574515760258, -24.371533313343722, -149.9686438014256, -0.6760186434022714], "('0', '2', '0011')": [2.883483150302208, 0.9385919322450184, -85.71428571428571, -93.87755102040816], "('0', '2', '0100')": [-149.99753172780902, 0.8138253527735444, 3.0796177935735876, -1.0088154461929717], "('0', '2', '0101')": [-149.77103154468386, 1.0127357356690934, 2.851678027663673, -100.61369174533033], "('0', '2', '0110')": [-97.37609329446065, -1.039170654637843, -114.11911703456893, -58.03065160714231], "('0', '2', '0111')": [-85.71428571428571, -56.46211699822987, -57.14285714285714, -57.14285714285714], "('0', '2', '1000')": [2.8071099415102374, -149.99999999989214, 4.399488709072692, -2.688668884404729], "('0', '2', '1001')": [3.090992579896399, -146.187541046067, -22.362168872088603, -121.40760490012487], "('0', '2', '1010')": [3.028228191354967, -107.01493425358481, -110.20408163265306, 0.6278274765751213], "('0', '2', '1011')": [2.987021446585641, -85.71428571428571, -57.14285714285714, -57.14285714285714], "('0', '2', '1100')": [-138.19241982507288, -81.63265306122449, 1.2820949352941764, -1.4459314224595563], "('0', '2', '1101')": [-85.71428571428571, -81.63265306122449, 3.0090804010748355, -81.63265306122449], "('0', '2', '1110')": [-85.71428571428571, -57.14285714285714, -57.14285714285714, -0.9792785388624413], "('0', '2', '1111')": [-92.12827988338192, -81.63265306122449, -81.63265306122449, -81.63265306122449], "('0', '3', '0000')": [0, 0, 0, 0], "('0', '3', '0001')": [3.0554888650434213, -58.17441485956601, -64.26771144603228, -144.9396084964598], "('0', '3', '0010')": [4.226926960883262, 2.0263699397083212, -149.9998057045214, 2.5721899781191944], "('0', '3', '0011')": [2.910790625842148, 0, 0, 0], "('0', '3', '0100')": [-149.99991673050917, 0.7815106582278344, -56.709848728596214, 0.522453316992398], "('0', '3', '0101')": [-122.44897959183673, -0.44724874945423254, -58.100180447038696, -110.20408163265306], "('0', '3', '0110')": [-122.44897959183673, -0.7181354133901012, -85.71428571428571, -55.891003390167505], "('0', '3', '0111')": [-57.14285714285714, -0.1308942372110313, -85.71428571428571, -57.14285714285714], "('0', '3', '1000')": [3.265167094036662, -149.99999999941275, -10.965407609123458, 2.742668310675863], "('0', '3', '1001')": [2.8441209641803065, -110.20408163265306, 0.4922810783096399, -120.69970845481049], "('0', '3', '1010')": [-0.7723952945984405, -129.49737553820157, -112.5891422791524, 2.754925212622348], "('0', '3', '1011')": [1.4180693187891653, 0, 0, 0], "('0', '3', '1100')": [-122.44897959183673, -57.14285714285714, 0.8084206859520228, 2.7711378620198746], "('0', '3', '1101')": [-110.20408163265306, -85.71428571428571, 0.5326567759309815, -85.71428571428571], "('0', '3', '1110')": [-57.14285714285714, -85.71428571428571, -110.20408163265306, 2.808785257389315], "('0', '3', '1111')": [-120.69970845481049, -85.71428571428571, -81.63265306122449, -110.20408163265306], "('0', '-1', '0000')": [0, 0, 0, 0], "('0', '-1', '0001')": [3.9231795481867393, -2.2973685922077065, -0.033844482160439615, -147.83126078419707], "('0', '-1', '0010')": [-0.742849066406422, -2.2395769608701848, -144.9396084964598, -0.7936196441632308], "('0', '-1', '0011')": [2.8810764887645415, -1.5190691450927591, -85.71428571428571, -57.14285714285714], "('0', '-1', '0100')": [-85.71428571428571, -1.6137788728465123, -56.79407472897137, -8.396736730757956], "('0', '-1', '0101')": [-57.14285714285714, -1.8391728963217608, -2.799582810459101, -138.19241982507288], "('0', '-1', '0110')": [-57.14285714285714, -1.1068883638157758, -57.14285714285714, -2.6128051745560406], "('0', '-1', '0111')": [-57.14285714285714, -1.867508616569631, -57.14285714285714, 0], "('0', '-1', '1000')": [3.4799206624675527, -150.0, 1.2965138449937306, -2.771515751985235], "('0', '-1', '1001')": [4.010499909339103, -122.44897959183673, 0.5144253799710059, -110.79907181531505], "('0', '-1', '1010')": [-55.93712340327553, -110.20408163265306, -81.63265306122449, 0.9537117056565528], "('0', '-1', '1011')": [4.471699558251634, -57.14285714285714, -85.71428571428571, -85.71428571428571], "('0', '-1', '1100')": [-85.71428571428571, -57.14285714285714, -56.758143948149254, 0.9096913119384005], "('0', '-1', '1101')": [-57.14285714285714, -57.14285714285714, 0.4377229513217361, -85.71428571428571], "('0', '-1', '1110')": [-57.14285714285714, -57.14285714285714, -57.14285714285714, 0.2514314054930403], "('0', '-1', '1111')": [0, 0, 0, 0], "('1', '2', '0000')": [0, 0, 0, 0], "('1', '2', '0001')": [0.805947183921552, -6.431648682659752, 3.1034538901875086, -150.0], "('1', '2', '0010')": [0.06899611023902893, -22.381397459865198, -149.9998057045214, -1.8275349630210915], "('1', '2', '0011')": [-0.4694323140437744, -28.234261284068385, -122.44897959183673, -99.3803602240563], "('1', '2', '0100')": [-149.9999999999538, 2.899816938305637, 2.7724971724092082, -1.839956931865963], "('1', '2', '0101')": [-137.7532100108805, -22.35297857320948, -56.028448548943224, -112.32380541334514], "('1', '2', '0110')": [-99.99999999097427, 2.8000000132786775, -120.46212590396648, 0.8002054047913425], "('1', '2', '0111')": [-96.62640566430653, 2.793825795117968, -85.71428571428571, -57.14285714285714], "('1', '2', '1000')": [0.3070570095538374, -149.99999344525872, 2.8127485403043218, -1.6871140288644302], "('1', '2', '1001')": [0.06042046144355846, -129.24212871406627, -8.53936191959873, -130.88372001045656], "('1', '2', '1010')": [-2.7644069610768875, -99.51805795204379, -149.4246202080523, -1.3140289500513358], "('1', '2', '1011')": [-2.072818770259875, -57.14285714285714, -57.14285714285714, -110.20408163265306], "('1', '2', '1100')": [-98.55417385613137, -85.71428571428571, -18.89820504219349, 0.800000446700599], "('1', '2', '1101')": [-57.14285714285714, -122.44897959183673, 1.1677521972558584, -57.14285714285714], "('1', '2', '1110')": [-81.63265306122449, -99.79345340801876, -57.14285714285714, 0.8440644691545494], "('1', '2', '1111')": [-132.69471053727614, -128.3058686674527, -101.7671208425061, -122.44897959183673], "('1', '3', '0000')": [0, 0, 0, 0], "('1', '3', '0001')": [0.2575993319079418, -4.633225557085904, -25.75097732977978, -149.82928291887265], "('1', '3', '0010')": [0.5244975809056605, 2.8099629437151314, -149.99999999941275, 2.805407800982044], "('1', '3', '0011')": [-0.8163265306122449, 0.8442614436966717, 0, 0], "('1', '3', '0100')": [-150.0, 2.8049620649337648, -2.2345705857968747, 2.719450450001869], "('1', '3', '0101')": [-106.76389349779811, 2.8031898880872914, -56.759120691841474, -128.08948652347237], "('1', '3', '0110')": [-99.96206287086059, 2.815864496343263, -149.89431799739737, 2.6734093722313936], "('1', '3', '0111')": [-57.14285714285714, 2.8981820607911377, 0, 0], "('1', '3', '1000')": [0.7118979710872806, -149.99999999680284, -58.32230725909002, 2.4466263593698403], "('1', '3', '1001')": [-2.128118494790064, -122.44897959183673, -26.147788286068792, -81.63265306122449], "('1', '3', '1010')": [0.7033644275224611, -57.14285714285714, -122.44897959183673, -10.037444700809221], "('1', '3', '1011')": [1.1484637556603112, -57.14285714285714, -57.14285714285714, -85.71428571428571], "('1', '3', '1100')": [-57.14285714285714, -149.07054033608446, -23.876815041856872, 2.843835373664538], "('1', '3', '1101')": [-81.63265306122449, -92.12827988338192, -0.5153037165051024, -122.44897959183673], "('1', '3', '1110')": [-57.14285714285714, -57.14285714285714, -85.71428571428571, 2.8069620489612706], "('1', '3', '1111')": [-81.63265306122449, -85.71428571428571, -57.14285714285714, -85.71428571428571], "('1', '-1', '0000')": [0, 0, 0, 0], "('1', '-1', '0001')": [-58.31790596999884, 5.695386597763139, -57.7452893529086, -149.99424069822103],