{"('0', '2', '0000')": [0, 0, 0, 0], "('0', '2', '0001')": [4.703712293753945, 1.0857509159621166, 4.164739041006637, -150.0], "('0', '2', '0010')": [2.8055010409786183, -1.33638540863519, -149.99753172780902, -2.68464376312749], "('0', '2', '0011')": [-55.93890861134471, -0.5132548654960569, -122.44897959183673, -57.14285714285714], "('0', '2', '0100')": [-149.99999879606793, 1.6139195187804818, 4.066092179995657, -1.1360012601285974], "('0', '2', '0101')": [-149.92683553665972, -2.74602516008511, -9.819203607717895, -102.25594967460013], "('0', '2', '0110')": [-110.20408163265306, 1.6501571411926794, -138.19241982507288, -1.7248419913662518], "('0', '2', '0111')": [-110.20408163265306, -2.7890049830847086, -109.62099125364432, -93.87755102040816], "('0', '2', '1000')": [2.8067138179495084, -150.0, 2.7283107873496037, 0.8111847314763809], "('0', '2', '1001')": [-0.09447469641834175, -101.66397825378306, 3.206216424056724, -141.4884336961868], "('0', '2', '1010')": [2.8173951590825093, -99.96206287086059, -121.00494015318135, -56.768513971790725], "('0', '2', '1011')": [2.8562307605320187, -81.63265306122449, -92.12827988338192, -92.12827988338192], "('0', '2', '1100')": [-138.19241982507288, -98.55417385613137, 3.061404479770351, -24.156051878561257], "('0', '2', '1101')": [-108.2542138054722, -92.12827988338192, 2.802271746509521, -110.20408163265306], "('0', '2', '1110')": [-81.63265306122449, -81.63265306122449, -57.14285714285714, 0.8016682469206107], "('0', '2', '1111')": [-110.20408163265306, -120.69970845481049, -99.95122369110648, -110.20408163265306], "('0', '3', '0000')": [0, 0, 0, 0], "('0', '3', '0001')": [3.0688159846341465, 0.3052575490725408, 0.9864610935790274, -149.82928291887265], "('0', '3', '0010')": [5.083130238217132, 0.781244261756108, -149.99999999999844, 2.800000000853934], "('0', '3', '0011')": [3.3385565398970156, 0, 0, 0], "('0', '3', '0100')": [-149.9999999999538, 1.2780872233886305, 1.2992354319560684, 4.267695303877948], "('0', '3', '0101')": [-85.71428571428571, 2.2336803097111484, -68.05824185667295, -81.63265306122449], "('0', '3', '0110')": [-57.14285714285714, 0.7856224621245248, -110.20408163265306, -56.28237889161167], "('0', '3', '0111')": [-57.14285714285714, -21.880808116205625, -110.20408163265306, -57.14285714285714], "('0', '3', '1000')": [4.6570374048333685, -150.0, 1.2076264391698897, 2.883867521533511], "('0', '3', '1001')": [3.24203588181964, -120.69970845481049, -3.676836668683918, -104.62817363513503], "('0', '3', '1010')": [3.652925586224982, -133.82600936421107, -144.75216417332462, 2.9078898010556617], "('0', '3', '1011')": [3.0157052489194123, 0, 0, 0], "('0', '3', '1100')": [-144.9396084964598, -92.12827988338192, -56.780598033429776, 2.8691525889153553], "('0', '3', '1101')": [-85.71428571428571, -57.14285714285714, 0.9037563266161773, -57.14285714285714], "('0', '3', '1110')": [-81.63265306122449, -85.71428571428571, -57.14285714285714, 1.0076649352542089], "('0', '3', '1111')": [-98.55417385613137, -122.44897959183673, -98.87546855476884, -120.69970845481049], "('0', '-1', '0000')": [0, 0, 0, 0], "('0', '-1', '0001')": [-55.91230871288496, -0.37620289967746356, -56.50968025957017, -149.9686438014256], "('0', '-1', '0010')": [2.8186388396545095, -1.5696287148675996, -149.9686438014256, -2.7999959975888222], "('0', '-1', '0011')": [5.167665758095303, -2.7646684532277197, 0, -57.14285714285714], "('0', '-1', '0100')": [-144.9396084964598, -2.0621240077033374, -8.56496183858633, -57.48469981178698], "('0', '-1', '0101')": [-110.20408163265306, -1.679763579292512, 0.9700578929673586, -138.19241982507288], "('0', '-1', '0110')": [-57.14285714285714, -2.7284476720817787, -122.44897959183673, -1.4316485366348723], "('0', '-1', '0111')": [-81.63265306122449, -0.6475834692675545, -57.14285714285714, -85.71428571428571], "('0', '-1', '1000')": [3.397024926498098, -150.0, 1.2645062498316744, 0.10984961716421235], "('0', '-1', '1001')": [4.88185444933413, -141.6195632772059, 1.105409004190336, -101.98350298648644], "('0', '-1', '1010')": [3.0602236105530842, -97.37609329446065, -85.71428571428571, 1.058870980210359], "('0', '-1', '1011')": [4.395148701216227, -57.14285714285714, -57.14285714285714, -57.14285714285714], "('0', '-1', '1100')": [-110.20408163265306, -81.63265306122449, -57.29548444977653, 0.8037685597583917], "('0', '-1', '1101')": [-85.71428571428571, -85.71428571428571, 0.8025243525009293, -85.71428571428571], "('0', '-1', '1110')": [-57.14285714285714, -85.71428571428571, -85.71428571428571, -2.6524407199263687], "('0', '-1', '1111')": [-85.71428571428571, -57.14285714285714, -57.14285714285714, -57.14285714285714], "('1', '2', '0000')": [0, 0, 0, 0], "('1', '2', '0001')": [-1.7393869130782353, 2.3772879861423997, 7.371603731859765, -150.0], "('1', '2', '0010')": [-0.8399499972348905, 2.253274777982114, -149.9999847056037, 0.3144187564111093], "('1', '2', '0011')": [-2.756556935745091, 1.212426534790208, -122.44897959183673, -92.12827988338192], "('1', '2', '0100')": [-150.0, 2.739369233827432, 2.7589904963384027, 0.7899928562313074], "('1', '2', '0101')": [-149.99988596305718, 0.3304412817054009, -7.911363118824953, -100.00077386316704], "('1', '2', '0110')": [-136.6571581480762, -55.749412613364264, -137.54498686100794, -0.41641312623159354], "('1', '2', '0111')": [-137.4427321949188, 2.8001696684117166, -107.01493425358481, -101.87421907538526], "('1', '2', '1000')": [-2.408659716872525, -149.99999999941275, -55.95211213808293, 0.3147264837652034], "('1', '2', '1001')": [-2.7784929932809828, -149.07054033608446, -55.9687306458203, -100.49766765084595], "('1', '2', '1010')": [-1.618940558662255, -111.12036651395252, -120.08601858069342, -1.5113646620485048], "('1', '2', '1011')": [-2.793044360400643, -122.44897959183673, -85.71428571428571, -93.87755102040816], "('1', '2', '1100')": [-96.62640566430653, -147.83126078419707, 2.80010830368934, -57.4660563999788], "('1', '2', '1101')": [-92.12827988338192, -142.6905456059975, 2.800044217852368, -96.62640566430653], "('1', '2', '1110')": [-110.20408163265306, -57.14285714285714, -132.94460641399417, -1.3283985785153114], "('1', '2', '1111')": [-125.9475218658892, -100.01094978362916, -132.94460641399417, -128.3058686674527], "('1', '3', '0000')": [0, 0, 0, 0], "('1', '3', '0001')": [0.8061534700711737, 2.773382023437846, 0.732132305662955, -149.9686438014256], "('1', '3', '0010')": [0.9866183935977656, 2.797250456987678, -150.0, 5.292594179293075], "('1', '3', '0011')": [-0.7096577203063299, 2.8793265140206463, 0, 0], "('1', '3', '0100')": [-150.0, 2.7585951508492776, 0.26641792134460307, -55.935118327753884], "('1', '3', '0101')": [-140.87955507917792, 2.26432047444798, -56.95403347445522, -108.04907229234799], "('1', '3', '0110')": [-106.38874310756626, 2.8239832557147597, -149.97629670162416, 0.5145004817646222], "('1', '3', '0111')": [-57.14285714285714, 2.8000000000453094, -85.71428571428571, -85.71428571428571], "('1', '3', '1000')": [-0.9199978489378517, -149.99999999999994, 0.7828882438481525, -55.908839511605265], "('1', '3', '1001')": [-0.9199974283604186, -138.19241982507288, -57.25734728859874, -97.37609329446065], "('1', '3', '1010')": [0.7969149058642765, -137.4427321949188, -122.44897959183673, 3.939226556788955], "('1', '3', '1011')": [-0.46645421200755055, -85.71428571428571, -57.14285714285714, -85.71428571428571], "('1', '3', '1100')": [-98.55417385613137, -138.19241982507288, 0.794390491878112, -22.37422778942021], "('1', '3', '1101')": [-85.71428571428571, -81.63265306122449, -56.85892765452161, -93.87755102040816], "('1', '3', '1110')": [-57.14285714285714, -97.37609329446065, -81.63265306122449, 2.497341200318803], "('1', '3', '1111')": [-92.12827988338192, -81.63265306122449, -85.71428571428571, -81.63265306122449], "('1', '-1', '0000')": [0, 0, 0, 0], "('1', '-1', '0001')": [-2.0429590468932326, 2.824265591432077, -56.9628297878331, -149.82928291887265],