{"('0', '2', '0000')": [0, 0, 0, 0], "('0', '2', '0001')": [1.5048221530423058, 1.7878113148901171, 2.8025139972785404, -150.0], "('0', '2', '0010')": [-55.62449186752857, -2.7054147032049167, -149.99894216906102, -1.475197868965674], "('0', '2', '0011')": [-55.93890861134471, 1.3473350815904022, -138.19241982507288, -57.14285714285714], "('0', '2', '0100')": [-149.99999998259324, -2.7054139379304942, -54.94897470448235, -1.9483341811983328], "('0', '2', '0101')": [-149.9686438014256, -0.6698885689637729, 3.55558964785234, -100.96683557482862], "('0', '2', '0110')": [-132.94460641399417, -2.7822975124780083, -144.9396084964598, -1.2484925211502733], "('0', '2', '0111')": [-110.20408163265306, 1.0741338477444757, -109.62099125364432, -93.87755102040816], "('0', '2', '1000')": [2.8139708463884014, -150.0, 2.8016161403685844, -0.40696712828001347], "('0', '2', '1001')": [2.72357571453108, -100.0561358761168, 2.8239331248420303, -108.51366679241121], "('0', '2', '1010')": [2.8069402727003783, -99.98374123036882, -144.67437676282924, 0.8269514586529012], "('0', '2', '1011')": [2.800185713070114, -81.63265306122449, -92.12827988338192, -92.12827988338192], "('0', '2', '1100')": [-138.19241982507288, -98.55417385613137, 2.815385576973978, 0.8450495698017915], "('0', '2', '1101')": [-108.2542138054722, -92.12827988338192, 5.337864590567513, -110.20408163265306], "('0', '2', '1110')": [-81.63265306122449, -81.63265306122449, -57.14285714285714, 0.24792688580825128], "('0', '2', '1111')": [-110.20408163265306, -120.69970845481049, -99.9910410861216, -110.20408163265306], "('0', '3', '0000')": [0, 0, 0, 0], "('0', '3', '0001')": [4.715133952893486, -1.6113394175275828, -0.950972701812828, -149.82928291887265], "('0', '3', '0010')": [0.7304685259155167, -2.745430573024297, -149.99999999999994, 5.1379178261630205], "('0', '3', '0011')": [-0.23073375048274083, 0, 0, 0], "('0', '3', '0100')": [-149.99999999999844, 1.0945381652052535, -11.34345740024103, 7.987885513312142], "('0', '3', '0101')": [-85.71428571428571, -0.9293237870107514, -68.05824185667295, -81.63265306122449], "('0', '3', '0110')": [-57.14285714285714, 0.7146933955158951, -110.20408163265306, -56.28237889161167], "('0', '3', '0111')": [-57.14285714285714, -1.5396070687263477, -110.20408163265306, -57.14285714285714], "('0', '3', '1000')": [2.9864919621350174, -150.0, -0.1782106479946175, 1.4693838946261188], "('0', '3', '1001')": [2.9597646710189243, -120.69970845481049, 0.06364688592119608, -104.62817363513503], "('0', '3', '1010')": [2.655195475596289, -107.91050219485044, -149.82295930780478, 4.303061238755873], "('0', '3', '1011')": [2.9615201893501473, 0, 0, 0], "('0', '3', '1100')": [-144.9396084964598, -92.12827988338192, -56.780598033429776, 8.05497620112127], "('0', '3', '1101')": [-85.71428571428571, -57.14285714285714, -1.9897471303521224, -57.14285714285714], "('0', '3', '1110')": [-81.63265306122449, -85.71428571428571, -57.14285714285714, 3.2305477893242056], "('0', '3', '1111')": [-127.95178879548487, -122.44897959183673, -98.87546855476884, -120.69970845481049], "('0', '-1', '0000')": [0, 0, 0, 0], "('0', '-1', '0001')": [2.8395622320469256, -1.966793455669901, 1.1413772922293481, -149.9686438014256], "('0', '-1', '0010')": [10.862394928154114, -1.5696287148675996, -149.9865616291824, -2.7999959975888222], "('0', '-1', '0011')": [8.563302101218246, -2.7646684532277197, 0, -81.63265306122449], "('0', '-1', '0100')": [-147.83126078419707, -2.0098724997372694, -8.56496183858633, -1.633980578322441], "('0', '-1', '0101')": [-114.11911703456893, -1.9733336387577425, -22.631557306076626, -138.19241982507288], "('0', '-1', '0110')": [-57.14285714285714, -2.7284476720817787, -122.44897959183673, 0.7289631222335868], "('0', '-1', '0111')": [-81.63265306122449, -0.6475834692675545, -57.14285714285714, -85.71428571428571], "('0', '-1', '1000')": [3.752234957584056, -150.0, 2.0311496164309393, -2.6111843019944345], "('0', '-1', '1001')": [2.9760546454736465, -141.6195632772059, -56.76270368377439, -100.36431687506894], "('0', '-1', '1010')": [10.974407421022423, -98.87546855476884, -109.62099125364432, -0.8129903522032613], "('0', '-1', '1011')": [3.025263438774111, -57.14285714285714, -57.14285714285714, -57.14285714285714], "('0', '-1', '1100')": [-110.20408163265306, -81.63265306122449, -57.29548444977653, -1.4279223031399821], "('0', '-1', '1101')": [-85.71428571428571, -93.87755102040816, 0.8077380703202912, -85.71428571428571], "('0', '-1', '1110')": [-57.14285714285714, -85.71428571428571, -85.71428571428571, -2.1226188492263334], "('0', '-1', '1111')": [-85.71428571428571, -81.63265306122449, -57.14285714285714, -57.14285714285714], "('1', '2', '0000')": [0, 0, 0, 0], "('1', '2', '0001')": [-56.81054607652153, -0.7264034918863352, 2.1912581252065553, -150.0], "('1', '2', '0010')": [-0.728920869884911, -81.21834781705834, -149.9999997788696, -1.7062245001748928], "('1', '2', '0011')": [-2.756556935745091, 2.7700620273510057, -122.44897959183673, -92.12827988338192], "('1', '2', '0100')": [-150.0, 2.738184971694408, 1.6842408872662529, -1.9596638870708643], "('1', '2', '0101')": [-137.7551003920404, -0.44803168296664525, 2.5859491599341426, -130.82051756889484], "('1', '2', '0110')": [-100.04172002027641, -55.955434746354506, -149.5798183822331, -1.053581190872955], "('1', '2', '0111')": [-137.4427321949188, 2.6654972257175524, -131.57782896582205, -101.87421907538526], "('1', '2', '1000')": [-1.247624035268911, -149.99999999999636, 0.7569340261740551, -1.7090961034272953], "('1', '2', '1001')": [-0.06095212194219839, -149.6016601440362, -0.15173077415042574, -100.49766765084595], "('1', '2', '1010')": [-1.208523434449245, -111.12036651395252, -120.08601858069342, -1.3958625823773483], "('1', '2', '1011')": [-57.579166578735084, -122.44897959183673, -85.71428571428571, -93.87755102040816], "('1', '2', '1100')": [-99.3803602240563, -149.6016601440362, 2.7828225866782725, -57.4660563999788], "('1', '2', '1101')": [-92.12827988338192, -142.6905456059975, 2.768173032488804, -96.62640566430653], "('1', '2', '1110')": [-104.3731778425656, -57.14285714285714, -132.94460641399417, -1.6767402072747697], "('1', '2', '1111')": [-104.7658713631225, -128.57612133584107, -132.94460641399417, -128.3058686674527], "('1', '3', '0000')": [0, 0, 0, 0], "('1', '3', '0001')": [-57.59878448183406, 3.032079010741005, -60.114375165476254, -149.99424069822103], "('1', '3', '0010')": [0.23053345973136313, -22.744087006141573, -150.0, 1.1685318043209112], "('1', '3', '0011')": [-0.7096577203063299, 2.8793265140206463, 0, 0], "('1', '3', '0100')": [-150.0, 3.30331495885041, 0.8059301368894696, 1.1785587942345037], "('1', '3', '0101')": [-119.7533876676041, 2.8054512010767203, -60.52871408353922, -132.02103098243487], "('1', '3', '0110')": [-100.50290397639733, 2.7921532875827038, -149.98984144355322, -0.15959332166047502], "('1', '3', '0111')": [-57.14285714285714, 2.4108197374263964, -122.44897959183673, -85.71428571428571], "('1', '3', '1000')": [0.1929340246661567, -150.0, -0.0265306122448965, 1.7511988574367545], "('1', '3', '1001')": [0.796638670557129, -138.19241982507288, -57.25734728859874, -99.51805795204379], "('1', '3', '1010')": [0.7948515024268243, -137.4427321949188, -122.44897959183673, 1.311941103944315], "('1', '3', '1011')": [-0.4878984645779004, -85.71428571428571, -57.14285714285714, -85.71428571428571], "('1', '3', '1100')": [-99.3803602240563, -138.19241982507288, -56.7951879352485, 2.8015134486777615], "('1', '3', '1101')": [-85.71428571428571, -81.63265306122449, 0.6161404023240984, -93.87755102040816], "('1', '3', '1110')": [-57.14285714285714, -97.37609329446065, -81.63265306122449, 2.8046817625259264], "('1', '3', '1111')": [-92.12827988338192, -92.12827988338192, -85.71428571428571, -92.12827988338192], "('1', '-1', '0000')": [0, 0, 0, 0], "('1', '-1', '0001')": [-58.073606046309784, -81.04286857653338, 0.9256712087094756, -149.9865616291824],