{"('0', '2', '0000')": [0, 0, 0, 0], "('0', '2', '0001')": [-0.07083859689392594, 0.9198736668692272, 2.92325564406271, -85.71428571428571], "('0', '2', '0010')": [2.763233649723248, -1.1695623093062464, -85.71428571428571, -1.1042467170877166], "('0', '2', '0011')": [2.097938823388351, 0.8089480107763449, 0, 0], "('0', '2', '0100')": [-138.19241982507288, 0.9761686312357425, 2.8888074357300444, -57.58883475004645], "('0', '2', '0101')": [-104.3731778425656, -2.026274685651903, -55.86378081206495, -81.63265306122449], "('0', '2', '0110')": [-85.71428571428571, 0.8631726295818382, -57.14285714285714, -0.4452140146723257], "('0', '2', '0111')": [-85.71428571428571, -2.7323183639802973, -57.14285714285714, -57.14285714285714], "('0', '2', '1000')": [2.7992811631637577, -149.82928291887265, -22.066462961770345, 0.6964885700850287], "('0', '2', '1001')": [-8.965892407903796, -81.63265306122449, 2.8906403873801563, -85.71428571428571], "('0', '2', '1010')": [2.7555327881824576, -122.44897959183673, -57.14285714285714, -0.939469710704751], "('0', '2', '1011')": [2.8015864144284723, 0, 0, 0], "('0', '2', '1100')": [-122.44897959183673, -81.63265306122449, -1.1346968047529178, 0.7717345699223341], "('0', '2', '1101')": [-85.71428571428571, -57.14285714285714, 2.8916059610586524, 0], "('0', '2', '1110')": [0, 0, 0, 0], "('0', '2', '1111')": [0, 0, 0, 0], "('0', '3', '0000')": [0, 0, 0, 0], "('0', '3', '0001')": [4.2351000224750175, 0, 0, 0], "('0', '3', '0010')": [2.9595048669299664, 1.1703893029673254, -85.71428571428571, 2.9025388101603324], "('0', '3', '0011')": [0, 0, 0, 0], "('0', '3', '0100')": [-85.71428571428571, -0.6308810744669356, -23.886611072034704, 3.105335207137561], "('0', '3', '0101')": [-85.71428571428571, 0.7537106086395117, 0, 0], "('0', '3', '0110')": [-85.71428571428571, -0.5582050609121388, -85.71428571428571, 2.8978215188987066], "('0', '3', '0111')": [0, 0, 0, 0], "('0', '3', '1000')": [2.7999999918956693, -122.44897959183673, 0.8089199163546581, 3.063313917186008], "('0', '3', '1001')": [2.94312656696689, 0, 0, 0], "('0', '3', '1010')": [3.382050096751633, 0, 0, 0], "('0', '3', '1011')": [2.3098434287955563, 0, 0, 0], "('0', '3', '1100')": [-85.71428571428571, -57.14285714285714, -0.033670490950871795, 2.823796038761962], "('0', '3', '1101')": [-57.14285714285714, -85.71428571428571, 0, 0], "('0', '3', '1110')": [-57.14285714285714, -85.71428571428571, -57.14285714285714, 0], "('0', '3', '1111')": [0, 0, 0, 0], "('0', '-1', '0000')": [0, 0, 0, 0], "('0', '-1', '0001')": [3.0911316167162237, -1.3167420969663142, 0.8012387288052578, -85.71428571428571], "('0', '-1', '0010')": [3.370649774936176, -0.5817365882307627, 0, 0], "('0', '-1', '0011')": [2.855058446851176, 0, 0, 0], "('0', '-1', '0100')": [-85.71428571428571, -0.5326874353832882, -0.49371768246994596, -0.4919875282407381], "('0', '-1', '0101')": [0, 0, 0, 0], "('0', '-1', '0110')": [-57.14285714285714, 0, 0, 0], "('0', '-1', '0111')": [0, 0, 0, 0], "('0', '-1', '1000')": [3.4974849128739445, -149.9999847056037, 1.7225647915039697, 0.7763644888377573], "('0', '-1', '1001')": [2.8856464732445932, 0, 0.8063174394167274, 0], "('0', '-1', '1010')": [5.715742596326418, -57.14285714285714, 0, 0], "('0', '-1', '1011')": [6.421109723566548, 0, 0, 0], "('0', '-1', '1100')": [-85.71428571428571, 0, 0, 0], "('0', '-1', '1101')": [-57.14285714285714, -57.14285714285714, 0, 0], "('0', '-1', '1110')": [0, 0, 0, 0], "('0', '-1', '1111')": [0, 0, 0, 0], "('1', '2', '0000')": [0, 0, 0, 0], "('1', '2', '0001')": [-0.5003641527974875, 2.5955956701669454, -0.6719564924279392, -147.83126078419707], "('1', '2', '0010')": [-1.1734482133354494, -57.284812404985985, -147.83126078419707, -2.477472700308633], "('1', '2', '0011')": [-0.8772953183985177, 2.7902655317883225, -85.71428571428571, -81.63265306122449], "('1', '2', '0100')": [-138.19241982507288, 2.4820377089934356, -57.11127745608774, -1.2610402294825738], "('1', '2', '0101')": [-93.87755102040816, 2.745629415754519, 3.3088621199105783, -57.14285714285714], "('1', '2', '0110')": [-85.71428571428571, -8.340691314034334, -57.14285714285714, -2.691940849040007], "('1', '2', '0111')": [-57.14285714285714, 2.840552047781368, 0, 0], "('1', '2', '1000')": [0.07363006354504015, -138.19241982507288, -22.547470388478814, -1.8111320479473676], "('1', '2', '1001')": [-1.400487632857804, -85.71428571428571, -56.67036052659333, -110.20408163265306], "('1', '2', '1010')": [-2.164299237867444, -85.71428571428571, -110.20408163265306, -2.3851647995052327], "('1', '2', '1011')": [-0.37561531289548833, -57.14285714285714, -57.14285714285714, 0], "('1', '2', '1100')": [-57.14285714285714, -85.71428571428571, 3.648573901570378, 0], "('1', '2', '1101')": [-57.14285714285714, -85.71428571428571, 2.929303262909383, 0], "('1', '2', '1110')": [0, 0, 0, 0], "('1', '2', '1111')": [0, 0, 0, 0], "('1', '3', '0000')": [0, 0, 0, 0], "('1', '3', '0001')": [-57.54822976688242, -57.14285714285714, -20.385072715403343, -122.44897959183673], "('1', '3', '0010')": [-0.17105957538183836, 2.8238720562491166, -149.82928291887265, 2.9111081106087235], "('1', '3', '0011')": [0, 0, 0, 0], "('1', '3', '0100')": [-149.9686438014256, 2.957173225707499, -3.131898345770533, 3.0187833082467894], "('1', '3', '0101')": [-144.9396084964598, 2.8644373514612367, 0.8158893807814862, 0], "('1', '3', '0110')": [-85.71428571428571, 2.837135003704371, 0, 0], "('1', '3', '0111')": [0, 0, 0, 0], "('1', '3', '1000')": [0.877519192032605, -138.19241982507288, -26.58526658944604, 2.920585784539158], "('1', '3', '1001')": [-2.702087451309687, -85.71428571428571, -1.0556339031556408, -57.14285714285714], "('1', '3', '1010')": [0.5202390652113005, -57.14285714285714, -122.44897959183673, 2.9310320652185866], "('1', '3', '1011')": [0, 0, 0, 0], "('1', '3', '1100')": [-57.14285714285714, -122.44897959183673, 0.8460908393956599, 0.5144237844052643], "('1', '3', '1101')": [-57.14285714285714, -57.14285714285714, -1.0262390670553936, -85.71428571428571], "('1', '3', '1110')": [-57.14285714285714, -57.14285714285714, -85.71428571428571, -0.7553417501685177], "('1', '3', '1111')": [-57.14285714285714, 0, 0, 0], "('1', '-1', '0000')": [0, 0, 0, 0], "('1', '-1', '0001')": [-2.755060312757518, -55.34720581783867, -2.799704613854536, -85.71428571428571], "('1', '-1', '0010')": [-2.799999976188186, 3.0278898623712376, 0, 0], "('1', '-1', '0011')": [-0.9212827988338192, 4.250183236351495, 0, 0], "('1', '-1', '0100')": [-149.9686438014256, 3.0583076690583524, -9.541137351747937, -2.3577406891135686], "('1', '-1', '0101')": [-85.71428571428571, 5.5650423474560835, -56.659006430643394, -85.71428571428571], "('1', '-1', '0110')": [-57.14285714285714, -55.89551894292693, -57.14285714285714, -2.730532707932581], "('1', '-1', '0111')": [0, 0, 0, 0], "('1', '-1', '1000')": [-2.8, -122.44897959183673, -6.066671020847399, -57.08380167575103], "('1', '-1', '1001')": [-2.5712366068284833, -85.71428571428571, -57.47414827701149, -85.71428571428571], "('1', '-1', '1010')": [-1.7518448088366987, -57.14285714285714, -85.71428571428571, -1.1669848210482057], "('1', '-1', '1011')": [0, 0, 0, 0], "('1', '-1', '1100')": [-85.71428571428571, -122.44897959183673, 0.8179876256944236, 0], "('1', '-1', '1101')": [-57.14285714285714, -57.14285714285714, 0.8000000027501584, 0], "('1', '-1', '1110')": [-57.14285714285714, -57.14285714285714, -85.71428571428571, 0], "('1', '-1', '1111')": [0, 0, 0, 0], "('-1', '2', '0000')": [0, 0, 0, 0], "('-1', '2', '0001')": [1.0848082897071236, -0.6481982590408367, 2.799999999862349, -138.19241982507288], "('-1', '2', '0010')": [-2.323224427187162, -2.503341233632487, -138.19241982507288, -2.435120738073002], "('-1', '2', '0011')": [-2.799895448962087, 0.9165962491247404, -85.71428571428571, -57.14285714285714], "('-1', '2', '0100')": [-85.71428571428571, -2.7931258974380078, -53.75635258595221, -2.4759872156201514],