{"('0', '2', '0000')": [0, 0, 0, 0], "('0', '2', '0001')": [-55.942838707857874, -1.1373882418992607, 2.39766205903842, -149.99999879606793], "('0', '2', '0010')": [-8.826792551646088, -1.2304334700885722, -147.83126078419707, -2.4389480879367316], "('0', '2', '0011')": [2.7496287801829156, -1.8025425424021364, -85.71428571428571, -85.71428571428571], "('0', '2', '0100')": [-149.92683553665972, -1.0597005368645886, 1.2948071331798212, -1.5872163344621315], "('0', '2', '0101')": [-143.21292270106113, -0.6841797617098, 2.542392393795212, -142.44574964513086], "('0', '2', '0110')": [-97.37609329446065, -1.2428413208947728, -132.94460641399417, -58.03065160714231], "('0', '2', '0111')": [-85.71428571428571, -0.8283722005689454, -57.14285714285714, -57.14285714285714], "('0', '2', '1000')": [2.7784882381104357, -149.99999990522983, 2.414336983762568, -1.7079053603578451], "('0', '2', '1001')": [-55.865977251986976, -146.468274211775, 2.7216447753981234, -131.57782896582205], "('0', '2', '1010')": [2.8179738029677175, -122.44897959183673, -110.20408163265306, 0.8037168444461402], "('0', '2', '1011')": [2.3949887305540987, -85.71428571428571, -57.14285714285714, 0], "('0', '2', '1100')": [-122.44897959183673, -81.63265306122449, 1.5161569498355991, -1.1593951905631132], "('0', '2', '1101')": [-85.71428571428571, -57.14285714285714, 1.690708772547279, -57.14285714285714], "('0', '2', '1110')": [-85.71428571428571, -57.14285714285714, -57.14285714285714, 0.811351155823892], "('0', '2', '1111')": [-81.63265306122449, -81.63265306122449, -81.63265306122449, -57.14285714285714], "('0', '3', '0000')": [0, 0, 0, 0], "('0', '3', '0001')": [-55.78218892750024, -2.692249253430697, -13.001723386357098, -85.71428571428571], "('0', '3', '0010')": [2.9394250867215375, -1.166004269702602, -149.99424069822103, 2.9552429084964214], "('0', '3', '0011')": [2.866321394184624, 0, 0, 0], "('0', '3', '0100')": [-149.92683553665972, -2.6631963251817794, -2.6432334835818625, -24.032351645685228], "('0', '3', '0101')": [-122.44897959183673, -57.860405128953474, -2.695793685802938, -110.20408163265306], "('0', '3', '0110')": [-122.44897959183673, 0.8484996011456385, -85.71428571428571, -55.891003390167505], "('0', '3', '0111')": [-57.14285714285714, -1.0325484338241477, -85.71428571428571, -57.14285714285714], "('0', '3', '1000')": [2.8483521852933276, -149.9998057045214, -2.613609467986319, -55.847880825432775], "('0', '3', '1001')": [2.804529198389096, 0, -1.0277625582892396, -120.69970845481049], "('0', '3', '1010')": [2.804258334746046, -105.04126681909749, -101.87421907538526, 2.802735674066965], "('0', '3', '1011')": [2.8770546942111745, 0, 0, 0], "('0', '3', '1100')": [-85.71428571428571, -57.14285714285714, -56.788550619543976, 2.8027375009238513], "('0', '3', '1101')": [-110.20408163265306, -85.71428571428571, 0.44236504118892617, -85.71428571428571], "('0', '3', '1110')": [-57.14285714285714, -85.71428571428571, -110.20408163265306, 1.1616344752645038], "('0', '3', '1111')": [-81.63265306122449, -85.71428571428571, -81.63265306122449, -110.20408163265306], "('0', '-1', '0000')": [0, 0, 0, 0], "('0', '-1', '0001')": [-55.91070633663169, -2.143019804546814, -2.769066759095667, -138.19241982507288], "('0', '-1', '0010')": [3.6679340081646052, -0.1502355551720554, -122.44897959183673, -0.9660053740482689], "('0', '-1', '0011')": [1.535298827697534, 0, 0, 0], "('0', '-1', '0100')": [-85.71428571428571, -2.4081614232255726, -2.633023226757592, -1.7856791450644889], "('0', '-1', '0101')": [-57.14285714285714, -2.1487399744989166, -2.799582810459101, -122.44897959183673], "('0', '-1', '0110')": [-57.14285714285714, -1.871869914333627, -57.14285714285714, -2.6128051745560406], "('0', '-1', '0111')": [-57.14285714285714, -1.867508616569631, 0, 0], "('0', '-1', '1000')": [3.4964519504153464, -150.0, -2.571839911666, -1.6922956586740452], "('0', '-1', '1001')": [-55.9178645150599, -122.44897959183673, 1.33534574529862, -92.12827988338192], "('0', '-1', '1010')": [2.8041131594938795, -57.14285714285714, -57.14285714285714, -1.949945039996115], "('0', '-1', '1011')": [6.127673875150059, 0, 0, 0], "('0', '-1', '1100')": [-85.71428571428571, -57.14285714285714, -56.758143948149254, -0.4784666990213865], "('0', '-1', '1101')": [-57.14285714285714, -57.14285714285714, 0.8029113442033672, -85.71428571428571], "('0', '-1', '1110')": [-57.14285714285714, -57.14285714285714, -57.14285714285714, 0.2514314054930403], "('0', '-1', '1111')": [0, 0, 0, 0], "('1', '2', '0000')": [0, 0, 0, 0], "('1', '2', '0001')": [0.8510995717109577, 2.323205364354013, 2.7841802827811093, -149.99999999253995], "('1', '2', '0010')": [-2.0409873433773336, -22.26209141944305, -149.9686438014256, -1.5173201013891076], "('1', '2', '0011')": [-0.8772953183985177, -0.503016324036344, -122.44897959183673, -98.55417385613137], "('1', '2', '0100')": [-149.99894216906102, 1.5896499083654043, 2.8781781488707523, -1.1991601871811104], "('1', '2', '0101')": [-109.17732974549119, 1.551843442703079, 2.7929801256965776, -133.85673669614653], "('1', '2', '0110')": [-99.99872015516023, -56.1903312384058, -149.9547077131703, -2.732071808548281], "('1', '2', '0111')": [-96.62640566430653, 2.7954872243036006, -85.71428571428571, -57.14285714285714], "('1', '2', '1000')": [-2.253109701577146, -149.99753172780902, -0.788398665450902, -1.404456993490078], "('1', '2', '1001')": [-2.7819534796866114, -103.65158966547189, -55.942559260355914, -104.3731778425656], "('1', '2', '1010')": [-2.1869113706762686, -97.37609329446065, -146.86737668828465, -1.975420065178712], "('1', '2', '1011')": [-2.0616830715622427, -57.14285714285714, -57.14285714285714, -110.20408163265306], "('1', '2', '1100')": [-96.62640566430653, -85.71428571428571, -6.904886672961244, -2.7719276351309423], "('1', '2', '1101')": [-57.14285714285714, -85.71428571428571, 2.8011828159469974, -57.14285714285714], "('1', '2', '1110')": [-81.63265306122449, -97.37609329446065, -57.14285714285714, -2.756331876909297], "('1', '2', '1111')": [-122.44897959183673, -99.3803602240563, -122.44897959183673, -122.44897959183673], "('1', '3', '0000')": [0, 0, 0, 0], "('1', '3', '0001')": [-2.2273326263937148, 4.022865477482015, -65.87931687803, -149.6016601440362], "('1', '3', '0010')": [0.85077144862764, -55.94235836489076, -149.99991673050917, 3.2197564076932967], "('1', '3', '0011')": [-0.8163265306122449, 1.0035616763701154, 0, 0], "('1', '3', '0100')": [-150.0, 4.703056979153828, 0.9653161035444773, 2.332610088314566], "('1', '3', '0101')": [-119.25983221276849, 2.803712198069542, -56.83665274133571, -97.37609329446065], "('1', '3', '0110')": [-99.51805795204379, 2.9314369535013, -146.86737668828465, 2.4034562687696415], "('1', '3', '0111')": [-57.14285714285714, 2.9569800456335846, 0, 0], "('1', '3', '1000')": [-0.7096440481704591, -149.92683553665972, 0.8212534554049766, 2.8209419383743777], "('1', '3', '1001')": [0.5320986236475107, -85.71428571428571, -26.147788286068792, -57.14285714285714], "('1', '3', '1010')": [-0.9175674872717964, -57.14285714285714, -122.44897959183673, 2.6848486736370347], "('1', '3', '1011')": [-1.5482832358183258, -57.14285714285714, -57.14285714285714, 0], "('1', '3', '1100')": [-57.14285714285714, -138.19241982507288, 0.8023864321479273, -0.6105026493295989], "('1', '3', '1101')": [-81.63265306122449, -92.12827988338192, -0.8522125120313199, -122.44897959183673], "('1', '3', '1110')": [-57.14285714285714, -57.14285714285714, -85.71428571428571, 3.0520063652136953], "('1', '3', '1111')": [-57.14285714285714, -85.71428571428571, -57.14285714285714, 0], "('1', '-1', '0000')": [0, 0, 0, 0], "('1', '-1', '0001')": [-2.264849134032967, -55.69388891935613, 0.8000001488610051, -149.82928291887265], "('1', '-1', '0010')": [-2.159618049130838, 3.7457825892245564, -144.9396084964598, -1.695687246452152], "('1', '-1', '0011')": [-0.9212827988338192, 2.854547056641798, 0, -57.14285714285714],