{"('0', '2', '0000')": [0, 0, 0, 0], "('0', '2', '0001')": [0.4847980638203803, -1.3114879979041247, 3.056379188446808, -149.9999999999538], "('0', '2', '0010')": [-8.638580548826434, -0.3875514439064193, -149.92683553665972, -2.796733127764063], "('0', '2', '0011')": [-6.9062862010977195, 0.190883903671682, -85.71428571428571, -93.87755102040816], "('0', '2', '0100')": [-149.99424069822103, -1.2048574998788848, 3.197554554349475, -7.1211797526887715], "('0', '2', '0101')": [-149.77103154468386, -2.778492068562194, -55.94155324750994, -101.43194740577076], "('0', '2', '0110')": [-97.37609329446065, 0.9527507179670947, -114.11911703456893, -58.03065160714231], "('0', '2', '0111')": [-85.71428571428571, 1.588393670796966, -57.14285714285714, -57.14285714285714], "('0', '2', '1000')": [2.9031730920116243, -149.9999999986298, 3.3982071002531375, -1.3120963592074302], "('0', '2', '1001')": [1.0625749474149324, -108.53498914093826, 2.8004433305803795, -149.3785106814792], "('0', '2', '1010')": [-0.6321342448522589, -107.01493425358481, -110.20408163265306, 0.0034161713992023066], "('0', '2', '1011')": [2.807045263045827, -85.71428571428571, -57.14285714285714, -57.14285714285714], "('0', '2', '1100')": [-138.19241982507288, -81.63265306122449, 2.8776679796186864, -1.4459314224595563], "('0', '2', '1101')": [-85.71428571428571, -81.63265306122449, 2.800284998217696, -81.63265306122449], "('0', '2', '1110')": [-85.71428571428571, -57.14285714285714, -57.14285714285714, 0.8110259278597636], "('0', '2', '1111')": [-92.12827988338192, -81.63265306122449, -81.63265306122449, -81.63265306122449], "('0', '3', '0000')": [0, 0, 0, 0], "('0', '3', '0001')": [2.7780607905536456, -58.17441485956601, -64.26771144603228, -85.71428571428571], "('0', '3', '0010')": [2.8654480130498388, 0.8353880528527204, -149.99753172780902, 2.8425828988007145], "('0', '3', '0011')": [2.866321394184624, 0, 0, 0], "('0', '3', '0100')": [-149.99991673050917, 0.9310677726835466, -56.709848728596214, 7.429983213690486], "('0', '3', '0101')": [-122.44897959183673, -2.7827653846984477, -58.100180447038696, -110.20408163265306], "('0', '3', '0110')": [-122.44897959183673, -2.597721611105766, -85.71428571428571, -55.891003390167505], "('0', '3', '0111')": [-57.14285714285714, -1.0325484338241477, -85.71428571428571, -57.14285714285714], "('0', '3', '1000')": [2.900901362831973, -149.99999879606793, 0.6175653736188182, 2.84256326347682], "('0', '3', '1001')": [2.8005411763795913, -110.20408163265306, 1.3970385812470054, -120.69970845481049], "('0', '3', '1010')": [2.8435719262452506, -129.49737553820157, -101.87421907538526, 2.46481722931826], "('0', '3', '1011')": [2.9318030565306312, 0, 0, 0], "('0', '3', '1100')": [-122.44897959183673, -57.14285714285714, 0.8084206859520228, 2.802064090777902], "('0', '3', '1101')": [-110.20408163265306, -85.71428571428571, 0.7959329679013639, -85.71428571428571], "('0', '3', '1110')": [-57.14285714285714, -85.71428571428571, -110.20408163265306, 2.3272380519097564], "('0', '3', '1111')": [-81.63265306122449, -85.71428571428571, -81.63265306122449, -110.20408163265306], "('0', '-1', '0000')": [0, 0, 0, 0], "('0', '-1', '0001')": [5.426654092274455, -1.7044599782956087, -24.433640387428937, -147.83126078419707], "('0', '-1', '0010')": [3.021413178482591, -0.1502355551720554, -144.9396084964598, -0.7936196441632308], "('0', '-1', '0011')": [6.481879376942155, -1.5190691450927591, -85.71428571428571, -57.14285714285714], "('0', '-1', '0100')": [-85.71428571428571, -2.162484878079606, -56.79407472897137, -1.7733687702564038], "('0', '-1', '0101')": [-57.14285714285714, -2.105572282653113, -2.799582810459101, -138.19241982507288], "('0', '-1', '0110')": [-57.14285714285714, -1.871869914333627, -57.14285714285714, -2.6128051745560406], "('0', '-1', '0111')": [-57.14285714285714, -1.867508616569631, -57.14285714285714, 0], "('0', '-1', '1000')": [3.2347660773802493, -150.0, 0.8197520560974485, -1.2491548846691818], "('0', '-1', '1001')": [2.8460151145427774, -122.44897959183673, -56.7878531550126, -110.79907181531505], "('0', '-1', '1010')": [-55.93712340327553, -57.14285714285714, -81.63265306122449, -2.0122967073935376], "('0', '-1', '1011')": [4.471699558251634, -57.14285714285714, -85.71428571428571, -85.71428571428571], "('0', '-1', '1100')": [-85.71428571428571, -57.14285714285714, -56.758143948149254, -0.48310332823994284], "('0', '-1', '1101')": [-57.14285714285714, -57.14285714285714, 0.7768640450860858, -85.71428571428571], "('0', '-1', '1110')": [-57.14285714285714, -57.14285714285714, -57.14285714285714, 0.2514314054930403], "('0', '-1', '1111')": [0, 0, 0, 0], "('1', '2', '0000')": [0, 0, 0, 0], "('1', '2', '0001')": [-2.333008565406594, 1.8328235095240286, 2.7281698607299854, -150.0], "('1', '2', '0010')": [-2.4403719291395465, -7.275517968812131, -149.99424069822103, -2.568810525848888], "('1', '2', '0011')": [0.7703151023813937, -28.234261284068385, -122.44897959183673, -98.55417385613137], "('1', '2', '0100')": [-149.9999997788696, 2.7522554219568267, -0.685483547165356, -1.3612611116880118], "('1', '2', '0101')": [-148.33757414021295, -56.12481727230151, 2.7544565966487244, -105.45760321848456], "('1', '2', '0110')": [-99.99999854339083, -55.95719711454394, -149.5866261670129, -2.6647410642998883], "('1', '2', '0111')": [-96.62640566430653, 2.7716260216785162, -85.71428571428571, -57.14285714285714], "('1', '2', '1000')": [-2.4738093839510977, -149.9995466438833, -55.92874071931602, -2.5125957901126563], "('1', '2', '1001')": [1.0822906885522832, -129.24212871406627, 2.7538234854406793, -104.3731778425656], "('1', '2', '1010')": [-2.529320605715947, -98.87546855476884, -148.657447152122, -1.1950196130170179], "('1', '2', '1011')": [0.753203869793069, -57.14285714285714, -57.14285714285714, -110.20408163265306], "('1', '2', '1100')": [-98.55417385613137, -85.71428571428571, -18.89820504219349, -2.3628384890606884], "('1', '2', '1101')": [-57.14285714285714, -85.71428571428571, 3.04061715911062, -57.14285714285714], "('1', '2', '1110')": [-81.63265306122449, -98.87546855476884, -57.14285714285714, -1.4975701396786347], "('1', '2', '1111')": [-132.69471053727614, -128.3058686674527, -122.44897959183673, -122.44897959183673], "('1', '3', '0000')": [0, 0, 0, 0], "('1', '3', '0001')": [-58.341129767238364, -55.93563906684986, -2.8013451732241696, -149.6016601440362], "('1', '3', '0010')": [1.5305941441800335, -55.4500394326451, -149.99999990522983, 3.674035842428937], "('1', '3', '0011')": [-0.8163265306122449, 1.0035616763701154, 0, 0], "('1', '3', '0100')": [-150.0, 3.7284399458366155, -2.796212906418316, 0.011993751831851009], "('1', '3', '0101')": [-136.8256423769008, 2.8077061218262926, 0.8315772405502629, -128.08948652347237], "('1', '3', '0110')": [-99.96206287086059, 3.199032619244785, -149.75340866059383, 2.6710587280064493], "('1', '3', '0111')": [-57.14285714285714, 2.9569800456335846, 0, 0], "('1', '3', '1000')": [0.9787463288356824, -149.99999879606793, -2.8043269600743206, 6.545650681137879], "('1', '3', '1001')": [-2.7954426656462257, -85.71428571428571, -26.147788286068792, -81.63265306122449], "('1', '3', '1010')": [-0.9175674872717964, -57.14285714285714, -122.44897959183673, 0.35526358434853167], "('1', '3', '1011')": [-1.5482832358183258, -57.14285714285714, -57.14285714285714, -85.71428571428571], "('1', '3', '1100')": [-57.14285714285714, -138.19241982507288, -23.876815041856872, 3.03331621206159], "('1', '3', '1101')": [-81.63265306122449, -92.12827988338192, -0.5153037165051024, -122.44897959183673], "('1', '3', '1110')": [-57.14285714285714, -57.14285714285714, -85.71428571428571, 3.8765470113102625], "('1', '3', '1111')": [-57.14285714285714, -85.71428571428571, -57.14285714285714, -85.71428571428571], "('1', '-1', '0000')": [0, 0, 0, 0], "('1', '-1', '0001')": [-2.70424823932108, -55.817830623900925, -3.9395926359672773, -149.9686438014256],