{"('0', '2', '0000')": [0, 0, 0, 0], "('0', '2', '0001')": [2.792650185002324, 1.0870441138679918, 2.8000300987266415, -150.0], "('0', '2', '0010')": [-55.768597645321414, -2.7054014825745836, -149.99991673050917, -2.5711460475733716], "('0', '2', '0011')": [-55.93890861134471, 0.8013282555662385, -138.19241982507288, -57.14285714285714], "('0', '2', '0100')": [-149.99999999680284, -2.70541816499616, -56.88198757809447, -2.6528747392851915], "('0', '2', '0101')": [-149.99424069822103, 1.1358561848008089, 2.8006268015056097, -100.96683557482862], "('0', '2', '0110')": [-132.94460641399417, -1.4155995866433355, -144.9396084964598, -0.5810882285093366], "('0', '2', '0111')": [-110.20408163265306, -0.08618534904332342, -109.62099125364432, -93.87755102040816], "('0', '2', '1000')": [2.7110454515275038, -150.0, -55.91527232216901, -0.8823073868642352], "('0', '2', '1001')": [1.609677921183819, -100.02405823262148, 2.800745362092714, -132.22014291103338], "('0', '2', '1010')": [2.739034514187229, -99.98374123036882, -108.20549777276455, -2.1668958862014587], "('0', '2', '1011')": [2.836495648306471, -81.63265306122449, -92.12827988338192, -92.12827988338192], "('0', '2', '1100')": [-138.19241982507288, -98.55417385613137, -1.4359675091982629, 0.7608077098475268], "('0', '2', '1101')": [-108.2542138054722, -92.12827988338192, 2.8003307571702187, -110.20408163265306], "('0', '2', '1110')": [-81.63265306122449, -81.63265306122449, -57.14285714285714, -0.12786114882604238], "('0', '2', '1111')": [-110.20408163265306, -120.69970845481049, -128.57112633401744, -110.20408163265306], "('0', '3', '0000')": [0, 0, 0, 0], "('0', '3', '0001')": [-18.828931083062194, -2.503504231050965, -3.602235211588627, -149.92683553665972], "('0', '3', '0010')": [1.7643981461826113, 1.1180843949129595, -150.0, 4.734633822944569], "('0', '3', '0011')": [-0.23073375048274083, -0.10865229025135942, 0, 0], "('0', '3', '0100')": [-149.99999999999972, -2.7728770085017733, -4.5239289002700716, -7.022250048874916], "('0', '3', '0101')": [-85.71428571428571, -0.23022532641520868, -68.05824185667295, -81.63265306122449], "('0', '3', '0110')": [-57.14285714285714, 0.9722139559688029, -110.20408163265306, -56.28237889161167], "('0', '3', '0111')": [-57.14285714285714, -0.47931794067730993, -110.20408163265306, -57.14285714285714], "('0', '3', '1000')": [1.9509636893627622, -150.0, -2.7715390709393883, -55.79617431425539], "('0', '3', '1001')": [-56.015004323005, -120.69970845481049, -16.6537481648114, -104.62817363513503], "('0', '3', '1010')": [2.6858629550588278, -100.62269259259756, -149.9940273652362, 2.822739010878336], "('0', '3', '1011')": [2.9615201893501473, 0, 0, 0], "('0', '3', '1100')": [-144.9396084964598, -92.12827988338192, -56.780598033429776, 2.814594288482237], "('0', '3', '1101')": [-85.71428571428571, -57.14285714285714, -7.866203511319015, -57.14285714285714], "('0', '3', '1110')": [-81.63265306122449, -85.71428571428571, -57.14285714285714, 2.9306728069427086], "('0', '3', '1111')": [-127.95178879548487, -122.44897959183673, -128.08948652347237, -120.69970845481049], "('0', '-1', '0000')": [0, 0, 0, 0], "('0', '-1', '0001')": [4.196576712518712, -0.26910883180731565, -23.846144169902914, -149.99424069822103], "('0', '-1', '0010')": [11.97428353863502, -1.5696287148675996, -149.99894216906102, -0.7443342509133772], "('0', '-1', '0011')": [11.80059044251752, -2.7646684532277197, -85.71428571428571, -81.63265306122449], "('0', '-1', '0100')": [-149.07054033608446, -1.648252740056685, -1.074851767687826, -57.89834957147952], "('0', '-1', '0101')": [-114.11911703456893, -1.6481579072668349, -22.631557306076626, -138.19241982507288], "('0', '-1', '0110')": [-57.14285714285714, -2.7284476720817787, -122.44897959183673, -1.372150685970149], "('0', '-1', '0111')": [-81.63265306122449, -0.6475834692675545, -57.14285714285714, -85.71428571428571], "('0', '-1', '1000')": [3.4236110532279893, -150.0, -1.807433524692299, -2.3733598968018863], "('0', '-1', '1001')": [2.8773641694475343, -146.40838426165968, 0.2588189509016531, -100.06691534440041], "('0', '-1', '1010')": [2.8512653847559206, -128.08948652347237, -109.62099125364432, 0.786576866124838], "('0', '-1', '1011')": [2.8004927698850257, -57.14285714285714, -57.14285714285714, -57.14285714285714], "('0', '-1', '1100')": [-110.20408163265306, -81.63265306122449, -57.29548444977653, -0.9714907918877917], "('0', '-1', '1101')": [-85.71428571428571, -93.87755102040816, -4.630408007243612, -85.71428571428571], "('0', '-1', '1110')": [-57.14285714285714, -85.71428571428571, -85.71428571428571, -2.1226188492263334], "('0', '-1', '1111')": [-85.71428571428571, -81.63265306122449, -57.14285714285714, -57.14285714285714], "('1', '2', '0000')": [0, 0, 0, 0], "('1', '2', '0001')": [1.3834123914367378, -0.6182952017030902, 2.8103986762620474, -150.0], "('1', '2', '0010')": [-1.8370693965295297, 2.884659222379655, -149.99999999941275, -2.657331177248775], "('1', '2', '0011')": [-2.7781095460293574, 2.8001685103921985, -138.19241982507288, -96.62640566430653], "('1', '2', '0100')": [-150.0, -0.7391828261356655, -55.927761707911145, 0.7074540366133089], "('1', '2', '0101')": [-148.37002217230472, 1.729324149938199, 0.8934417033762109, -113.88982254417328], "('1', '2', '0110')": [-100.00328408322875, -0.03645166428911467, -149.92282378449178, 0.5921689519705572], "('1', '2', '0111')": [-106.87723652559734, 2.7871876716659267, -131.57782896582205, -101.87421907538526], "('1', '2', '1000')": [-1.6659958233499086, -150.0, -22.370727579385168, -9.158430034231834], "('1', '2', '1001')": [-2.765948183229172, -147.7484688373467, -60.91882220270388, -100.21328613607685], "('1', '2', '1010')": [-25.540678029409836, -133.33729993455108, -137.17972224886861, -0.917570600631019], "('1', '2', '1011')": [-1.5898625117783045, -122.44897959183673, -85.71428571428571, -93.87755102040816], "('1', '2', '1100')": [-99.73444009602413, -149.6016601440362, 2.0360719405994856, -57.4660563999788], "('1', '2', '1101')": [-92.12827988338192, -142.6905456059975, 2.8022377379444094, -98.55417385613137], "('1', '2', '1110')": [-104.3731778425656, -57.14285714285714, -132.94460641399417, -2.772367310753892], "('1', '2', '1111')": [-128.94658462625162, -128.57612133584107, -132.94460641399417, -112.13108657176545], "('1', '3', '0000')": [0, 0, 0, 0], "('1', '3', '0001')": [-58.3425786952948, -0.7887913179743531, -57.73629312885588, -149.99424069822103], "('1', '3', '0010')": [0.5360765320363313, 2.7468089548864283, -150.0, 2.740157049231157], "('1', '3', '0011')": [-0.7096577203063299, 2.8793265140206463, 0, 0], "('1', '3', '0100')": [-150.0, 2.390278723568072, -0.10427089359971908, -55.95822337392593], "('1', '3', '0101')": [-103.62817324507014, 1.4411348338124383, -81.46695755963532, -146.69774038452886], "('1', '3', '0110')": [-100.01696594006171, 2.7959527329115277, -137.75323618350978, 2.7946054810103584], "('1', '3', '0111')": [-57.14285714285714, 2.4108197374263964, -122.44897959183673, -85.71428571428571], "('1', '3', '1000')": [-1.9675874303028973, -150.0, -1.5070803357252667, -22.737964472269116], "('1', '3', '1001')": [-57.63382804783696, -107.01493425358481, 0.7787396817290089, -99.51805795204379], "('1', '3', '1010')": [-0.878357295442963, -144.61831379782234, -138.19241982507288, 2.0854798998794974], "('1', '3', '1011')": [-0.5265073150889602, -85.71428571428571, -57.14285714285714, -85.71428571428571], "('1', '3', '1100')": [-99.73444009602413, -138.19241982507288, -6.6735365747232915, 3.0759749146576354], "('1', '3', '1101')": [-85.71428571428571, -81.63265306122449, 0.7909667396537077, -93.87755102040816], "('1', '3', '1110')": [-57.14285714285714, -97.37609329446065, -81.63265306122449, 2.7900975529761083], "('1', '3', '1111')": [-96.62640566430653, -92.12827988338192, -93.87755102040816, -92.12827988338192], "('1', '-1', '0000')": [0, 0, 0, 0], "('1', '-1', '0001')": [-0.3659665200860589, 2.8447087505435267, -1.5092664720699034, -149.99424069822103],