{"('0', '2', '0000')": [0, 0, 0, 0], "('0', '2', '0001')": [2.502009603443321, -1.6124255046824976, 2.8164128058214937, -150.0], "('0', '2', '0010')": [-23.641620854304513, -2.6242162759328025, -149.99894216906102, -2.6722301660943764], "('0', '2', '0011')": [-55.93890861134471, 0.8083257504035752, -138.19241982507288, -57.14285714285714], "('0', '2', '0100')": [-149.9999999593842, -2.6940638693541326, -55.9345878267942, -2.6352104594266192], "('0', '2', '0101')": [-149.9686438014256, -0.6698885689637729, 2.8062122504449554, -100.96683557482862], "('0', '2', '0110')": [-132.94460641399417, -1.466170990749203, -144.9396084964598, -2.632315565659626], "('0', '2', '0111')": [-110.20408163265306, -1.2752347422965156, -109.62099125364432, -93.87755102040816], "('0', '2', '1000')": [2.7552674228723655, -150.0, 1.663510821692732, 0.8150721653879801], "('0', '2', '1001')": [-55.92319893339137, -100.0561358761168, 2.857716392500022, -108.51366679241121], "('0', '2', '1010')": [2.683146154143189, -99.98374123036882, -144.67437676282924, 0.8269514586529012], "('0', '2', '1011')": [2.8077065856528374, -81.63265306122449, -92.12827988338192, -92.12827988338192], "('0', '2', '1100')": [-138.19241982507288, -98.55417385613137, 2.8388469684307935, 0.8450495698017915], "('0', '2', '1101')": [-108.2542138054722, -92.12827988338192, 2.8011863452461188, -110.20408163265306], "('0', '2', '1110')": [-81.63265306122449, -81.63265306122449, -57.14285714285714, 0.24792688580825128], "('0', '2', '1111')": [-110.20408163265306, -120.69970845481049, -99.9910410861216, -110.20408163265306], "('0', '3', '0000')": [0, 0, 0, 0], "('0', '3', '0001')": [3.9244862988585325, -1.6113394175275828, -0.950972701812828, -149.82928291887265], "('0', '3', '0010')": [2.8814732231991673, 1.1054164459354143, -149.99999999999844, 5.74148501563375], "('0', '3', '0011')": [-0.23073375048274083, 0, 0, 0], "('0', '3', '0100')": [-149.99999999999636, 0.6219971158643152, -61.35090144806997, 4.140278331238205], "('0', '3', '0101')": [-85.71428571428571, -1.1990195207322463, -68.05824185667295, -81.63265306122449], "('0', '3', '0110')": [-57.14285714285714, 1.0362947947290344, -110.20408163265306, -56.28237889161167], "('0', '3', '0111')": [-57.14285714285714, -21.880808116205625, -110.20408163265306, -57.14285714285714], "('0', '3', '1000')": [3.076458756949152, -150.0, 0.8042307715515249, 3.2300464558513378], "('0', '3', '1001')": [2.800000000630936, -120.69970845481049, -3.676836668683918, -104.62817363513503], "('0', '3', '1010')": [2.532096626882307, -118.45783845465101, -149.5869050515445, 2.9893217899158127], "('0', '3', '1011')": [3.0157052489194123, 0, 0, 0], "('0', '3', '1100')": [-144.9396084964598, -92.12827988338192, -56.780598033429776, 3.14843292644664], "('0', '3', '1101')": [-85.71428571428571, -57.14285714285714, -0.9389739793733634, -57.14285714285714], "('0', '3', '1110')": [-81.63265306122449, -85.71428571428571, -57.14285714285714, 1.2829959840201521], "('0', '3', '1111')": [-98.55417385613137, -122.44897959183673, -98.87546855476884, -120.69970845481049], "('0', '-1', '0000')": [0, 0, 0, 0], "('0', '-1', '0001')": [4.117015341041071, -1.9733930741112542, -56.50968025957017, -149.9686438014256], "('0', '-1', '0010')": [10.706912262082723, -1.5696287148675996, -149.9865616291824, -2.7999959975888222], "('0', '-1', '0011')": [11.816131236354959, -2.7646684532277197, 0, -57.14285714285714], "('0', '-1', '0100')": [-147.83126078419707, -2.0098724997372694, -8.56496183858633, -1.8685136923255603], "('0', '-1', '0101')": [-114.11911703456893, -1.9733336387577425, -22.631557306076626, -138.19241982507288], "('0', '-1', '0110')": [-57.14285714285714, -2.7284476720817787, -122.44897959183673, 0.7289631222335868], "('0', '-1', '0111')": [-81.63265306122449, -0.6475834692675545, -57.14285714285714, -85.71428571428571], "('0', '-1', '1000')": [2.8724948269164763, -150.0, 1.5213840209799063, -2.6131338160092534], "('0', '-1', '1001')": [2.8020505461533087, -141.6195632772059, -56.76270368377439, -100.8500727084942], "('0', '-1', '1010')": [3.7680747822118184, -98.87546855476884, -85.71428571428571, 1.058870980210359], "('0', '-1', '1011')": [6.796597363494701, -57.14285714285714, -57.14285714285714, -57.14285714285714], "('0', '-1', '1100')": [-110.20408163265306, -81.63265306122449, -57.29548444977653, -1.4279223031399821], "('0', '-1', '1101')": [-85.71428571428571, -93.87755102040816, 0.8077380703202912, -85.71428571428571], "('0', '-1', '1110')": [-57.14285714285714, -85.71428571428571, -85.71428571428571, -2.6524407199263687], "('0', '-1', '1111')": [-85.71428571428571, -81.63265306122449, -57.14285714285714, -57.14285714285714], "('1', '2', '0000')": [0, 0, 0, 0], "('1', '2', '0001')": [1.1079986059134412, 0.6094486979309016, 3.1184338103961675, -150.0], "('1', '2', '0010')": [-0.7121901123615644, -56.17614490646947, -149.99999719082518, -0.31488549457213594], "('1', '2', '0011')": [-2.756556935745091, 2.7260212305792137, -122.44897959183673, -92.12827988338192], "('1', '2', '0100')": [-150.0, 0.37472717672894806, 3.7246163764065146, -0.9676755621990808], "('1', '2', '0101')": [-149.999991023331, 2.9081432013456854, -1.6666342686105167, -130.82051756889484], "('1', '2', '0110')": [-136.6571581480762, 3.083996675038538, -137.54498686100794, 0.6904897372685679], "('1', '2', '0111')": [-137.4427321949188, 2.5745285688053805, -107.01493425358481, -101.87421907538526], "('1', '2', '1000')": [-0.8516640194426575, -149.99999999989214, 3.006026270570909, -1.1263497745265796], "('1', '2', '1001')": [0.6547077357732543, -149.6016601440362, -55.9687306458203, -100.49766765084595], "('1', '2', '1010')": [-1.293848430070458, -111.12036651395252, -120.08601858069342, -57.6723852142295], "('1', '2', '1011')": [-1.861175081306301, -122.44897959183673, -85.71428571428571, -93.87755102040816], "('1', '2', '1100')": [-98.55417385613137, -149.07054033608446, 1.1027501055644429, -57.4660563999788], "('1', '2', '1101')": [-92.12827988338192, -142.6905456059975, 2.79194137105048, -96.62640566430653], "('1', '2', '1110')": [-104.3731778425656, -57.14285714285714, -132.94460641399417, 0.6188865822879147], "('1', '2', '1111')": [-111.12036651395252, -128.57612133584107, -132.94460641399417, -128.3058686674527], "('1', '3', '0000')": [0, 0, 0, 0], "('1', '3', '0001')": [-1.004983736819471, 2.650893629899133, -56.79463558921493, -149.9865616291824], "('1', '3', '0010')": [0.8218112585940665, 2.7792016965807154, -150.0, 2.8227694966615497], "('1', '3', '0011')": [-0.7096577203063299, 2.8793265140206463, 0, 0], "('1', '3', '0100')": [-150.0, 2.7676469108751722, 0.7147037521937001, 0.8323590118417455], "('1', '3', '0101')": [-146.09123789107625, -22.379474645675593, 0.7041318004210304, -108.04907229234799], "('1', '3', '0110')": [-100.50290397639733, -0.04597202851861484, -149.97629670162416, 2.8004907784262683], "('1', '3', '0111')": [-57.14285714285714, 1.138989735164068, -85.71428571428571, -85.71428571428571], "('1', '3', '1000')": [1.3541590273591129, -150.0, -56.80644599532155, 2.8135758458691535], "('1', '3', '1001')": [-0.021297673297796305, -138.19241982507288, -57.25734728859874, -97.37609329446065], "('1', '3', '1010')": [0.7969149058642765, -137.4427321949188, -122.44897959183673, 0.1694228606729107], "('1', '3', '1011')": [-0.46645421200755055, -85.71428571428571, -57.14285714285714, -85.71428571428571], "('1', '3', '1100')": [-98.55417385613137, -138.19241982507288, -56.7951879352485, 2.800315578022877], "('1', '3', '1101')": [-85.71428571428571, -81.63265306122449, -4.286764358926511, -93.87755102040816], "('1', '3', '1110')": [-57.14285714285714, -97.37609329446065, -81.63265306122449, 2.838709454485124], "('1', '3', '1111')": [-92.12827988338192, -92.12827988338192, -85.71428571428571, -81.63265306122449], "('1', '-1', '0000')": [0, 0, 0, 0], "('1', '-1', '0001')": [-2.0429590468932326, 10.917356616838305, -56.9628297878331, -149.92683553665972],