{"('0', '2', '0000')": [0, 0, 0, 0], "('0', '2', '0001')": [-21.871475471095007, -2.6055089811776657, 2.4568054587795234, -150.0], "('0', '2', '0010')": [-22.198454929184475, -0.486095050680725, -149.99999719082518, -2.6949522663086456], "('0', '2', '0011')": [-55.93890861134471, -0.8948718953066294, -144.9396084964598, -57.14285714285714], "('0', '2', '0100')": [-149.9999999999802, -2.463580185141811, -55.93347180935331, -57.39755058185861], "('0', '2', '0101')": [-149.98606270781264, -1.1968362025592216, -0.7999999851829984, -100.41435810349799], "('0', '2', '0110')": [-114.11911703456893, -1.636057702316945, -144.9396084964598, -2.7883763308516603], "('0', '2', '0111')": [-110.20408163265306, -2.7880466682577576, -109.62099125364432, -93.87755102040816], "('0', '2', '1000')": [4.416509195998685, -150.0, 2.435663287684986, -2.449521150509222], "('0', '2', '1001')": [2.7973808982520163, -112.2493168182366, -58.098399850741245, -118.57968828646135], "('0', '2', '1010')": [3.123211951450286, -129.53521192153727, -113.75203020316084, 0.5930771003795134], "('0', '2', '1011')": [2.798965664328044, -81.63265306122449, -92.12827988338192, -92.12827988338192], "('0', '2', '1100')": [-138.19241982507288, -99.3803602240563, -2.735498966362255, 0.7993749996608142], "('0', '2', '1101')": [-103.53752020234523, -92.12827988338192, 1.4819218216245713, -110.20408163265306], "('0', '2', '1110')": [-81.63265306122449, -81.63265306122449, -57.14285714285714, -0.06679303770019496], "('0', '2', '1111')": [-100.80323674659368, -120.69970845481049, -128.57112633401744, -110.20408163265306], "('0', '3', '0000')": [0, 0, 0, 0], "('0', '3', '0001')": [-81.2451969157325, -57.46064861195012, -2.8000000000000016, -149.9686438014256], "('0', '3', '0010')": [4.01143876881506, 1.039361919958688, -150.0, 1.8804342869402695], "('0', '3', '0011')": [-0.23073375048274083, -0.10865229025135942, -85.71428571428571, -85.71428571428571], "('0', '3', '0100')": [-150.0, -1.0603181125210634, -7.109290512282538, 3.4045929278644262], "('0', '3', '0101')": [-85.71428571428571, 0.3471795086002356, -68.05824185667295, -81.63265306122449], "('0', '3', '0110')": [-57.14285714285714, 0.8291608429551109, -110.20408163265306, -56.28237889161167], "('0', '3', '0111')": [-57.14285714285714, -0.542590703868471, -110.20408163265306, -57.14285714285714], "('0', '3', '1000')": [1.906708446648211, -150.0, -1.6641982382972043, 1.692756422867999], "('0', '3', '1001')": [2.721154558714521, -120.69970845481049, -56.96815389174094, -130.554931557915], "('0', '3', '1010')": [2.225741160478785, -100.0490166180762, -149.5868909551144, -0.7704299052990907], "('0', '3', '1011')": [2.7754977940048944, -57.14285714285714, -85.71428571428571, -57.14285714285714], "('0', '3', '1100')": [-147.83126078419707, -99.88618861258178, -56.780598033429776, 3.0983207994719644], "('0', '3', '1101')": [-85.71428571428571, -57.14285714285714, 0.7703885339678693, -57.14285714285714], "('0', '3', '1110')": [-92.12827988338192, -85.71428571428571, -57.14285714285714, 2.805222958879587], "('0', '3', '1111')": [-127.95178879548487, -122.44897959183673, -128.08948652347237, -101.6294231145186], "('0', '-1', '0000')": [0, 0, 0, 0], "('0', '-1', '0001')": [-52.464562361519356, -2.7999999981698727, -2.800000026163816, -149.99424069822103], "('0', '-1', '0010')": [-4.485922792743448, -2.098801257922899, -149.99894216906102, -2.7820486486354836], "('0', '-1', '0011')": [1.2010126330397646, -2.7646684532277197, -85.71428571428571, -81.63265306122449], "('0', '-1', '0100')": [-149.82928291887265, -2.799999999999967, -2.8000412024663404, -26.54771068332103], "('0', '-1', '0101')": [-114.11911703456893, -1.3100925129402614, -22.631557306076626, -144.9396084964598], "('0', '-1', '0110')": [-57.14285714285714, -2.7284476720817787, -138.19241982507288, -2.731130574528925], "('0', '-1', '0111')": [-81.63265306122449, -2.6379901042422618, -57.14285714285714, -85.71428571428571], "('0', '-1', '1000')": [3.5780632745953485, -150.0, -1.8472386822908855, -2.532505302341633], "('0', '-1', '1001')": [-55.934610895334636, -121.3074048834629, 0.7495344686272456, -128.5718432055187], "('0', '-1', '1010')": [2.894100148858662, -105.15929344308677, -132.69471053727614, 1.5532380245142805], "('0', '-1', '1011')": [1.5137647677317858, -57.14285714285714, -57.14285714285714, -57.14285714285714], "('0', '-1', '1100')": [-132.94460641399417, -81.63265306122449, -0.5047669153252354, 1.0077791140302217], "('0', '-1', '1101')": [-85.71428571428571, -93.87755102040816, 0.7993551033316592, -85.71428571428571], "('0', '-1', '1110')": [-57.14285714285714, -85.71428571428571, -85.71428571428571, 0.8003732541087427], "('0', '-1', '1111')": [-85.71428571428571, -81.63265306122449, -57.14285714285714, -57.14285714285714], "('1', '2', '0000')": [0, 0, 0, 0], "('1', '2', '0001')": [0.892236100251369, 2.760096549494632, 2.92374847151724, -150.0], "('1', '2', '0010')": [-0.481915143197144, 7.319287476134177, -149.99999999974833, 1.4974411753938075], "('1', '2', '0011')": [-2.3104031261173072, 0.026530813796615697, -149.07054033608446, -96.62640566430653], "('1', '2', '0100')": [-150.0, 2.806217883479901, 3.041102533487321, 1.2556283195994467], "('1', '2', '0101')": [-121.42424286101736, 2.7869814135647353, -3.835600787098951, -106.34118136645095], "('1', '2', '0110')": [-100.00060319896038, -56.29990089842344, -137.7409268175597, 1.6396197513834956], "('1', '2', '0111')": [-106.87723652559734, 2.1942727952122763, -131.57782896582205, -101.87421907538526], "('1', '2', '1000')": [0.8098969863887193, -150.0, 2.8255458811428538, -25.76289645118516], "('1', '2', '1001')": [1.3300591094304806, -147.7484688373467, 2.964827610394549, -100.21328613607685], "('1', '2', '1010')": [1.1835227742027739, -142.8588428290933, -115.93416667808654, -57.08188787467005], "('1', '2', '1011')": [-1.1731700456828669, -122.44897959183673, -85.71428571428571, -93.87755102040816], "('1', '2', '1100')": [-99.88618861258178, -149.6016601440362, 2.8033508157732037, -57.4660563999788], "('1', '2', '1101')": [-92.12827988338192, -142.6905456059975, 2.8000385785730106, -98.55417385613137], "('1', '2', '1110')": [-104.3731778425656, -81.63265306122449, -132.94460641399417, -1.7016487950325352], "('1', '2', '1111')": [-128.94658462625162, -102.24943229174258, -132.94460641399417, -130.79958732950794], "('1', '3', '0000')": [0, 0, 0, 0], "('1', '3', '0001')": [-1.2039085540516583, 2.721681218168732, -62.824693529558154, -149.99753172780902], "('1', '3', '0010')": [0.42820538019133325, 0.7073724471677504, -150.0, 2.6830923985651287], "('1', '3', '0011')": [-0.7096577203063299, 2.8793265140206463, 0, 0], "('1', '3', '0100')": [-150.0, 2.0849836694629547, 0.8143191530799806, -55.99548366202574], "('1', '3', '0101')": [-103.62817324507014, 2.6781706481709815, -81.46695755963532, -120.82203394817878], "('1', '3', '0110')": [-100.0072711171693, -55.944591685895055, -147.7505944010528, 2.742828708904357], "('1', '3', '0111')": [-57.14285714285714, 2.7632467010085957, -122.44897959183673, -85.71428571428571], "('1', '3', '1000')": [-2.6786156598889885, -150.0, -1.2259220543347789, 2.72484513735057], "('1', '3', '1001')": [-57.63382804783696, -107.01493425358481, -0.3307486926270673, -99.51805795204379], "('1', '3', '1010')": [-0.878357295442963, -144.61831379782234, -138.19241982507288, 2.8145182734346745], "('1', '3', '1011')": [-1.3235496732451928, -85.71428571428571, -57.14285714285714, -85.71428571428571], "('1', '3', '1100')": [-99.88618861258178, -144.9396084964598, 0.7979450664581396, 8.106359148182001], "('1', '3', '1101')": [-85.71428571428571, -81.63265306122449, 0.7899830495533551, -93.87755102040816], "('1', '3', '1110')": [-57.14285714285714, -97.37609329446065, -81.63265306122449, -0.3121093477232668], "('1', '3', '1111')": [-96.62640566430653, -96.62640566430653, -93.87755102040816, -92.12827988338192], "('1', '-1', '0000')": [0, 0, 0, 0],