{"('0', '2', '0000')": [0, 0, 0, 0], "('0', '2', '0001')": [-55.503377424623885, 1.12688225804998, 2.911151406514282, -149.9999847056037], "('0', '2', '0010')": [-8.826792551646088, 0.18770344808343098, -147.83126078419707, -2.4389480879367316], "('0', '2', '0011')": [2.8885053612842144, -1.8025425424021364, -85.71428571428571, -85.71428571428571], "('0', '2', '0100')": [-149.92683553665972, 1.495188622354612, 1.9948272637677218, -1.5872163344621315], "('0', '2', '0101')": [-143.21292270106113, -1.7244542771472027, 2.871455391502619, -132.37341583863866], "('0', '2', '0110')": [-97.37609329446065, -57.62574757673075, -57.14285714285714, -0.5465844493021307], "('0', '2', '0111')": [-85.71428571428571, -1.870347271504441, -57.14285714285714, -57.14285714285714], "('0', '2', '1000')": [4.135193292757712, -149.9999994840291, 3.44467118784213, -1.3069840525645897], "('0', '2', '1001')": [3.6219726832114967, -146.468274211775, -1.554281046602167, -131.57782896582205], "('0', '2', '1010')": [-0.005996166429068195, -122.44897959183673, -110.20408163265306, -0.7696696694256477], "('0', '2', '1011')": [2.843428570688555, -85.71428571428571, 0, 0], "('0', '2', '1100')": [-122.44897959183673, -81.63265306122449, 3.017322826837937, -1.1593951905631132], "('0', '2', '1101')": [-85.71428571428571, -57.14285714285714, 2.816662830178446, 0], "('0', '2', '1110')": [-85.71428571428571, -57.14285714285714, -57.14285714285714, -2.7622425651838247], "('0', '2', '1111')": [-81.63265306122449, -81.63265306122449, -81.63265306122449, -57.14285714285714], "('0', '3', '0000')": [0, 0, 0, 0], "('0', '3', '0001')": [-55.78218892750024, 1.2704303672500763, -62.57249615024876, -85.71428571428571], "('0', '3', '0010')": [2.9928275208330373, 1.4580890110534335, -149.9865616291824, 3.102452361245491], "('0', '3', '0011')": [2.866321394184624, 0, 0, 0], "('0', '3', '0100')": [-147.83126078419707, 1.0255464017344498, -57.85083264440079, 3.5276701486000066], "('0', '3', '0101')": [-85.71428571428571, -57.52200351672962, -57.65103885145555, -110.20408163265306], "('0', '3', '0110')": [-122.44897959183673, 1.2898531519017737, -85.71428571428571, -55.891003390167505], "('0', '3', '0111')": [-57.14285714285714, -1.0325484338241477, -85.71428571428571, -57.14285714285714], "('0', '3', '1000')": [2.9929694024742455, -149.99894216906102, -0.3098285298713868, 3.099645404288703], "('0', '3', '1001')": [2.8202850830121706, 0, -1.0277625582892396, -120.69970845481049], "('0', '3', '1010')": [2.943652720362608, -127.44689712619741, -110.20408163265306, 2.8318578837026522], "('0', '3', '1011')": [2.8770546942111745, 0, 0, 0], "('0', '3', '1100')": [-85.71428571428571, -57.14285714285714, -56.788550619543976, 6.904512922602158], "('0', '3', '1101')": [-110.20408163265306, -85.71428571428571, 0.44236504118892617, -85.71428571428571], "('0', '3', '1110')": [-57.14285714285714, -85.71428571428571, -110.20408163265306, -0.2280615157135834], "('0', '3', '1111')": [-81.63265306122449, -85.71428571428571, -81.63265306122449, -57.14285714285714], "('0', '-1', '0000')": [0, 0, 0, 0], "('0', '-1', '0001')": [6.39668146714371, -0.31874479018394375, -1.2589801051021858, -138.19241982507288], "('0', '-1', '0010')": [4.286121022893149, -0.1502355551720554, -122.44897959183673, -2.5861160041956643], "('0', '-1', '0011')": [4.0191673088479885, 0, 0, 0], "('0', '-1', '0100')": [-85.71428571428571, -1.8676395134457637, -0.9955759716732944, -1.364310459736689], "('0', '-1', '0101')": [-57.14285714285714, -1.563167460210722, -2.345901090387115, -85.71428571428571], "('0', '-1', '0110')": [-57.14285714285714, -1.5116936358901896, -57.14285714285714, -2.6128051745560406], "('0', '-1', '0111')": [-57.14285714285714, -1.867508616569631, 0, 0], "('0', '-1', '1000')": [3.064388603760939, -150.0, -0.1805039375495576, -1.5954916564071082], "('0', '-1', '1001')": [3.060368137420891, -122.44897959183673, -1.5486108995139882, -92.12827988338192], "('0', '-1', '1010')": [4.5821404959949925, -57.14285714285714, -57.14285714285714, -1.949945039996115], "('0', '-1', '1011')": [5.052568146316459, 0, 0, 0], "('0', '-1', '1100')": [-85.71428571428571, -57.14285714285714, -0.711047289508538, -2.507037543526918], "('0', '-1', '1101')": [-57.14285714285714, -57.14285714285714, -1.3218333353350564, -85.71428571428571], "('0', '-1', '1110')": [-57.14285714285714, -57.14285714285714, -57.14285714285714, -2.6589039679650854], "('0', '-1', '1111')": [0, 0, 0, 0], "('1', '2', '0000')": [0, 0, 0, 0], "('1', '2', '0001')": [0.8695010406729848, -21.87495205697949, 3.035880376610436, -149.99999990522983], "('1', '2', '0010')": [-10.133005296883901, -57.19178875998522, -149.9686438014256, -2.4379506546611442], "('1', '2', '0011')": [-0.8772953183985177, 2.8974915477707794, -122.44897959183673, -98.55417385613137], "('1', '2', '0100')": [-149.99753172780902, 1.5896499083654043, 2.8353635842745293, -1.1991601871811104], "('1', '2', '0101')": [-109.17732974549119, 1.551843442703079, 2.9516438514285133, -133.85673669614653], "('1', '2', '0110')": [-99.99303195587235, -56.1903312384058, -149.89431799739737, -1.5515153032622822], "('1', '2', '0111')": [-96.62640566430653, 0.4765310794823482, -85.71428571428571, -57.14285714285714], "('1', '2', '1000')": [0.7453776798953448, -149.99753172780902, 3.084689997190046, -2.585346867037634], "('1', '2', '1001')": [-0.5253536941765355, -108.52037588610108, 2.8379746105640926, -104.3731778425656], "('1', '2', '1010')": [0.99141561903038, -97.37609329446065, -146.86737668828465, -2.0842835058817877], "('1', '2', '1011')": [0.8970270669206546, -57.14285714285714, -57.14285714285714, -57.14285714285714], "('1', '2', '1100')": [-96.62640566430653, -85.71428571428571, 2.8458640642761557, -2.7654391410691144], "('1', '2', '1101')": [-57.14285714285714, -85.71428571428571, 2.892036449531597, -57.14285714285714], "('1', '2', '1110')": [-81.63265306122449, -97.37609329446065, -57.14285714285714, -2.485469959445881], "('1', '2', '1111')": [-122.44897959183673, -92.12827988338192, -122.44897959183673, -122.44897959183673], "('1', '3', '0000')": [0, 0, 0, 0], "('1', '3', '0001')": [-2.2273326263937148, 2.7803575352169996, -65.87931687803, -149.07054033608446], "('1', '3', '0010')": [0.7927962126856505, 2.7144851223675612, -149.99991673050917, 0.17464050758136657], "('1', '3', '0011')": [-0.8163265306122449, 1.0035616763701154, 0, 0], "('1', '3', '0100')": [-149.99999999999994, 2.3843237989332415, 0.7453050353863975, 2.315970538550927], "('1', '3', '0101')": [-119.25983221276849, 2.7909533220963327, -56.83665274133571, -97.37609329446065], "('1', '3', '0110')": [-99.51805795204379, 2.799999988777084, -146.86737668828465, 2.4034562687696415], "('1', '3', '0111')": [-57.14285714285714, 0.356786972194164, 0, 0], "('1', '3', '1000')": [-0.7096440481704591, -149.92683553665972, -0.1874092752156834, -0.7038131942956427], "('1', '3', '1001')": [0.5320986236475107, -85.71428571428571, -26.147788286068792, -57.14285714285714], "('1', '3', '1010')": [-0.9175674872717964, -57.14285714285714, -122.44897959183673, 2.799992016874385], "('1', '3', '1011')": [-1.5482832358183258, 0, 0, 0], "('1', '3', '1100')": [-57.14285714285714, -138.19241982507288, -56.78953802070737, 2.799709652783383], "('1', '3', '1101')": [-81.63265306122449, -92.12827988338192, -0.8522125120313199, -122.44897959183673], "('1', '3', '1110')": [-57.14285714285714, -57.14285714285714, -85.71428571428571, 2.746592203862149], "('1', '3', '1111')": [-57.14285714285714, -85.71428571428571, -57.14285714285714, 0], "('1', '-1', '0000')": [0, 0, 0, 0], "('1', '-1', '0001')": [-6.455910702111571, 6.511988010353684, 1.3045541859591112, -149.07054033608446], "('1', '-1', '0010')": [-2.6503768650770185, -21.692555682227738, -138.19241982507288, -2.776754534269445], "('1', '-1', '0011')": [-0.9212827988338192, 6.814764012674777, 0, -57.14285714285714], "('1', '-1', '0100')": [-149.9999999999802, 8.574045148847905, -56.80109787929497, -2.779690402357269],