{"('0', '2', '0000')": [0, 0, 0, 0], "('0', '2', '0001')": [2.2479793592772035, 1.036715559036498, 2.9591590709841444, -149.99424069822103], "('0', '2', '0010')": [-23.0004336759288, 0.8634512318867253, -144.9396084964598, -0.44544830513196265], "('0', '2', '0011')": [2.8198698196389893, -1.8025425424021364, -85.71428571428571, -85.71428571428571], "('0', '2', '0100')": [-149.6016601440362, 0.8634518975481792, 2.9010526876943374, -0.4729465624906811], "('0', '2', '0101')": [-113.04813470577736, 0.7738962921381929, 3.7243545086578154, -108.8713036234902], "('0', '2', '0110')": [-97.37609329446065, -57.62574757673075, -57.14285714285714, -1.237650462458563], "('0', '2', '0111')": [-85.71428571428571, -2.1554157624986954, -57.14285714285714, -57.14285714285714], "('0', '2', '1000')": [2.8567865238131107, -149.99999879606793, 2.9022934978098895, 0.23870102392632575], "('0', '2', '1001')": [1.7881669076881677, -127.95178879548487, 3.305845817837784, -138.19241982507288], "('0', '2', '1010')": [-55.678712742403874, -122.44897959183673, -110.20408163265306, -1.002343108693788], "('0', '2', '1011')": [2.8286221561738167, -85.71428571428571, 0, 0], "('0', '2', '1100')": [-122.44897959183673, -81.63265306122449, 3.125186406073876, -1.1593951905631132], "('0', '2', '1101')": [-85.71428571428571, -57.14285714285714, 2.8190485710282474, 0], "('0', '2', '1110')": [-85.71428571428571, -57.14285714285714, -57.14285714285714, -1.1339724289129127], "('0', '2', '1111')": [-81.63265306122449, -57.14285714285714, -57.14285714285714, -57.14285714285714], "('0', '3', '0000')": [0, 0, 0, 0], "('0', '3', '0001')": [-55.78218892750024, 1.2640039042691367, -62.57249615024876, -85.71428571428571], "('0', '3', '0010')": [-55.75590966993115, 1.034947632490714, -149.07054033608446, 3.2578745216427505], "('0', '3', '0011')": [2.854700135924085, 0, 0, 0], "('0', '3', '0100')": [-144.9396084964598, 0.19650257646256314, -7.165781002456036, 3.5217883310995295], "('0', '3', '0101')": [-85.71428571428571, -57.52200351672962, -1.2821554750796031, -57.14285714285714], "('0', '3', '0110')": [-85.71428571428571, 0.5399053122360936, -85.71428571428571, -55.891003390167505], "('0', '3', '0111')": [-57.14285714285714, -2.0742318944531464, -85.71428571428571, -57.14285714285714], "('0', '3', '1000')": [2.8334595703382717, -149.99753172780902, -1.7910537600492282, -22.290061152639936], "('0', '3', '1001')": [2.80057084239805, 0, 0, -120.69970845481049], "('0', '3', '1010')": [2.486348877579789, -93.87755102040816, -57.14285714285714, 2.831412269049417], "('0', '3', '1011')": [2.9700798222999394, 0, 0, 0], "('0', '3', '1100')": [-85.71428571428571, -57.14285714285714, -56.788550619543976, 2.8010590035885965], "('0', '3', '1101')": [-57.14285714285714, -85.71428571428571, -0.2919061148364036, -85.71428571428571], "('0', '3', '1110')": [-57.14285714285714, -85.71428571428571, -57.14285714285714, 1.1318991742651299], "('0', '3', '1111')": [-57.14285714285714, -85.71428571428571, -57.14285714285714, 0], "('0', '-1', '0000')": [0, 0, 0, 0], "('0', '-1', '0001')": [3.6940453029554323, -1.6750519454815866, -56.763336551949955, -122.44897959183673], "('0', '-1', '0010')": [3.8318482204702917, -0.1502355551720554, -122.44897959183673, 1.2610064555318545], "('0', '-1', '0011')": [3.743607174311549, 0, 0, 0], "('0', '-1', '0100')": [-85.71428571428571, -1.972912241129758, -2.0200203369378382, -1.7956324401519335], "('0', '-1', '0101')": [-57.14285714285714, -2.154335140097672, -2.345901090387115, -85.71428571428571], "('0', '-1', '0110')": [-57.14285714285714, -1.789288080698319, -57.14285714285714, -1.5656497157345823], "('0', '-1', '0111')": [-57.14285714285714, 0, 0, 0], "('0', '-1', '1000')": [3.540447517690132, -150.0, -0.18742612517680482, -0.46504057782336394], "('0', '-1', '1001')": [3.586871449727144, -122.44897959183673, -2.774869179467254, -81.63265306122449], "('0', '-1', '1010')": [2.8488736356644893, -57.14285714285714, -57.14285714285714, -1.949945039996115], "('0', '-1', '1011')": [2.802049313815399, 0, 0, 0], "('0', '-1', '1100')": [-85.71428571428571, -57.14285714285714, 0.9250324542436335, -2.507037543526918], "('0', '-1', '1101')": [-57.14285714285714, -57.14285714285714, -1.3218333353350564, -85.71428571428571], "('0', '-1', '1110')": [-57.14285714285714, -57.14285714285714, -57.14285714285714, -2.6589039679650854], "('0', '-1', '1111')": [0, 0, 0, 0], "('1', '2', '0000')": [0, 0, 0, 0], "('1', '2', '0001')": [0.0720793008362352, -56.00805888202959, 2.493559677170651, -149.9995466438833], "('1', '2', '0010')": [-0.06949767953805247, -55.97440747329098, -149.82928291887265, -1.6039715421739287], "('1', '2', '0011')": [-0.8772953183985177, 2.778647167225639, -122.44897959183673, -92.12827988338192], "('1', '2', '0100')": [-149.92683553665972, 2.741672959165617, 0.6603659017754023, -1.543272656061024], "('1', '2', '0101')": [-149.96546194767427, 2.7251467703555186, 2.5454000039481013, -112.3323856243419], "('1', '2', '0110')": [-98.87546855476884, -55.944702267354785, -146.86737668828465, -1.4845016459342337], "('1', '2', '0111')": [-92.12827988338192, 2.7667844766722767, 0, -57.14285714285714], "('1', '2', '1000')": [-1.160850661626506, -149.92683553665972, 1.3969350702294263, -1.2075220785787386], "('1', '2', '1001')": [-0.7979155044426882, -109.62099125364432, -8.940310967327427, -110.20408163265306], "('1', '2', '1010')": [-2.5486331526282764, -85.71428571428571, -146.86737668828465, -1.5477656713817858], "('1', '2', '1011')": [-1.993469846744245, -57.14285714285714, -57.14285714285714, -57.14285714285714], "('1', '2', '1100')": [-96.62640566430653, -85.71428571428571, 1.8488585180981794, -2.7654391410691144], "('1', '2', '1101')": [-57.14285714285714, -85.71428571428571, 1.526008447442976, -57.14285714285714], "('1', '2', '1110')": [-81.63265306122449, -93.87755102040816, -57.14285714285714, -2.216258002626098], "('1', '2', '1111')": [-122.44897959183673, -92.12827988338192, -85.71428571428571, -85.71428571428571], "('1', '3', '0000')": [0, 0, 0, 0], "('1', '3', '0001')": [-57.58870379713982, 2.8179344600722094, -65.87931687803, -149.07054033608446], "('1', '3', '0010')": [-0.22408661333479973, -18.358482439898424, -149.9998057045214, 0.4489349474863093], "('1', '3', '0011')": [-0.8163265306122449, 0, 0, 0], "('1', '3', '0100')": [-149.99999999999636, 2.9398234283437983, 0.8115292957606236, 0.03136956246995514], "('1', '3', '0101')": [-119.25983221276849, 2.863368784719114, -56.83665274133571, -97.37609329446065], "('1', '3', '0110')": [-98.87546855476884, 2.8000000000000007, -110.20408163265306, 2.605599122162256], "('1', '3', '0111')": [-57.14285714285714, 0.356786972194164, 0, 0], "('1', '3', '1000')": [-0.8843900523607626, -149.82928291887265, -2.881139310544288, 1.419205795583018], "('1', '3', '1001')": [-0.30218214413258176, -85.71428571428571, -26.147788286068792, -57.14285714285714], "('1', '3', '1010')": [0.40827507798786206, -57.14285714285714, -122.44897959183673, 1.674641961267382], "('1', '3', '1011')": [0, 0, 0, 0], "('1', '3', '1100')": [-57.14285714285714, -122.44897959183673, -56.78953802070737, 0.687250556626027], "('1', '3', '1101')": [-81.63265306122449, -81.63265306122449, 0.8173458452263063, -122.44897959183673], "('1', '3', '1110')": [-57.14285714285714, -57.14285714285714, -85.71428571428571, 2.8000778842137617], "('1', '3', '1111')": [-57.14285714285714, -85.71428571428571, 0, 0], "('1', '-1', '0000')": [0, 0, 0, 0], "('1', '-1', '0001')": [-2.0216764518930064, -80.93153217330885, -56.61134262400223, -147.83126078419707], "('1', '-1', '0010')": [-2.0683204039543703, -21.692555682227738, -138.19241982507288, -1.6472890885352334], "('1', '-1', '0011')": [-0.9212827988338192, 1.5249347511612534, 0, -57.14285714285714], "('1', '-1', '0100')": [-149.99999999253995, 3.6982317411095034, -1.2322310202982023, 0.5828245323521056], "('1', '-1', '0101')": [-127.44689712619741, -81.10009154726433, 0.8407755735158701, -97.37609329446065],