{"('0', '2', '0000')": [0, 0, 0, 0], "('0', '2', '0001')": [2.8292390550142867, -2.156003143978649, 2.8622227038696133, -150.0], "('0', '2', '0010')": [-55.932095645375554, -1.5532876440501147, -149.99424069822103, -2.7284786608522293], "('0', '2', '0011')": [-55.93890861134471, 0.4154395701260925, -122.44897959183673, -57.14285714285714], "('0', '2', '0100')": [-149.9999847056037, -1.5342884633252192, -55.8280381766926, -0.8312474337599489], "('0', '2', '0101')": [-149.82928291887265, 0.8393828820218368, 2.824901157935675, -112.28239267282291], "('0', '2', '0110')": [-110.20408163265306, -2.796775590631957, -122.44897959183673, -2.6405287467909675], "('0', '2', '0111')": [-57.14285714285714, 1.9509616174368558, -109.62099125364432, -93.87755102040816], "('0', '2', '1000')": [-55.79114026031993, -149.99999999999636, 3.948433198448792, -1.5235779437730526], "('0', '2', '1001')": [-1.924570242849289, -121.13868670546616, 2.842025027811176, -141.8007351477091], "('0', '2', '1010')": [2.816227848878518, -99.96206287086059, -121.00494015318135, -56.768513971790725], "('0', '2', '1011')": [2.8204651240758505, -81.63265306122449, -92.12827988338192, -92.12827988338192], "('0', '2', '1100')": [-138.19241982507288, -92.12827988338192, 2.831433340074116, 0.7256460552130952], "('0', '2', '1101')": [-144.9396084964598, -92.12827988338192, 2.8031940158747624, -110.20408163265306], "('0', '2', '1110')": [-81.63265306122449, -81.63265306122449, -57.14285714285714, 0.855815152771995], "('0', '2', '1111')": [-110.20408163265306, -120.69970845481049, -96.62640566430653, -110.20408163265306], "('0', '3', '0000')": [0, 0, 0, 0], "('0', '3', '0001')": [3.9187990451641888, -2.486292128184955, -59.09871046296001, -149.82928291887265], "('0', '3', '0010')": [2.773973645689918, 0.9992605985858656, -149.99999999941275, 2.807071492534676], "('0', '3', '0011')": [2.8536155266105903, 0, 0, 0], "('0', '3', '0100')": [-149.99999990522983, -0.5327515018491468, -56.859809494079606, -22.26058832920868], "('0', '3', '0101')": [-85.71428571428571, -58.29842033649986, 0.030921934894814262, -81.63265306122449], "('0', '3', '0110')": [-57.14285714285714, 1.1950664970829126, -57.14285714285714, -56.28237889161167], "('0', '3', '0111')": [-57.14285714285714, -1.7631830110646192, -110.20408163265306, -57.14285714285714], "('0', '3', '1000')": [5.184919356194929, -150.0, 1.354215577477274, 2.8902253910735722], "('0', '3', '1001')": [3.723325245645265, -120.69970845481049, 0.08425137239326412, -125.19783423573512], "('0', '3', '1010')": [2.8029759453238996, -100.08597081201479, -149.99971523890173, 2.801913107709904], "('0', '3', '1011')": [2.829949093822422, 0, 0, 0], "('0', '3', '1100')": [-144.9396084964598, -92.12827988338192, -56.780598033429776, 2.8026325516735824], "('0', '3', '1101')": [-85.71428571428571, -57.14285714285714, 0.7946157512393982, -57.14285714285714], "('0', '3', '1110')": [-81.63265306122449, -85.71428571428571, -57.14285714285714, 2.9280413737215647], "('0', '3', '1111')": [-96.62640566430653, -122.44897959183673, -97.37609329446065, -120.69970845481049], "('0', '-1', '0000')": [0, 0, 0, 0], "('0', '-1', '0001')": [3.131644911168128, -2.4798063487461937, -56.50968025957017, -149.9686438014256], "('0', '-1', '0010')": [12.123586824459256, 0.691235188275036, -149.92683553665972, -2.7999959975888222], "('0', '-1', '0011')": [2.973926558834508, -2.7646684532277197, 0, 0], "('0', '-1', '0100')": [-138.19241982507288, -2.3019209869385238, -3.447907786784728, -2.5773825711387595], "('0', '-1', '0101')": [-110.20408163265306, -2.0531002738503097, -57.79911898216741, -122.44897959183673], "('0', '-1', '0110')": [-57.14285714285714, -2.7284476720817787, -122.44897959183673, 1.5235393248005042], "('0', '-1', '0111')": [-81.63265306122449, -1.5552331957629235, -57.14285714285714, -85.71428571428571], "('0', '-1', '1000')": [2.820994081295251, -150.0, 1.5193355239421842, -2.6094129137102495], "('0', '-1', '1001')": [3.070552424710421, -104.3731778425656, 1.3937499505074733, -104.62817363513503], "('0', '-1', '1010')": [6.410177653914617, -93.87755102040816, -85.71428571428571, -2.4319960349337393], "('0', '-1', '1011')": [2.8082064945033887, -57.14285714285714, -57.14285714285714, -57.14285714285714], "('0', '-1', '1100')": [-110.20408163265306, -81.63265306122449, -57.29548444977653, 0.883731552768847], "('0', '-1', '1101')": [-85.71428571428571, -85.71428571428571, 0.7902485819216396, -85.71428571428571], "('0', '-1', '1110')": [-57.14285714285714, -85.71428571428571, -85.71428571428571, -2.6524407199263687], "('0', '-1', '1111')": [-85.71428571428571, -57.14285714285714, -57.14285714285714, 0], "('1', '2', '0000')": [0, 0, 0, 0], "('1', '2', '0001')": [-1.4875225054037047, -55.97836358817722, 2.7610568806435527, -150.0], "('1', '2', '0010')": [-2.3388727295715714, -24.610962180440463, -149.9998057045214, -0.31374997830883744], "('1', '2', '0011')": [0.7980561575971344, 2.8028817922026548, -122.44897959183673, -92.12827988338192], "('1', '2', '0100')": [-150.0, 2.8011683369357474, 0.7719600183380955, -2.689096759791193], "('1', '2', '0101')": [-149.98159625200879, 2.803756223987442, 2.7749651375565696, -100.05352394340886], "('1', '2', '0110')": [-144.02230547285933, -55.910479748835556, -116.09075337548, -2.6269383426460404], "('1', '2', '0111')": [-137.4427321949188, 2.8044420509597354, -116.36817992503123, -101.87421907538526], "('1', '2', '1000')": [-2.4875265210642734, -149.99999999253995, -57.03067115125914, -1.2016964129820935], "('1', '2', '1001')": [-2.204889074512096, -147.83126078419707, -55.9687306458203, -100.49766765084595], "('1', '2', '1010')": [-2.565644915627861, -111.12036651395252, -146.86737668828465, -4.657027259660827], "('1', '2', '1011')": [-1.1838033480384915, -85.71428571428571, -85.71428571428571, -93.87755102040816], "('1', '2', '1100')": [-96.62640566430653, -147.83126078419707, -5.117833258733713, 0.8405541942190842], "('1', '2', '1101')": [-92.12827988338192, -142.6905456059975, 2.8024147265815453, -92.12827988338192], "('1', '2', '1110')": [-110.20408163265306, -57.14285714285714, -110.20408163265306, 0.8030988522262041], "('1', '2', '1111')": [-125.9475218658892, -100.75733750393118, -132.94460641399417, -128.3058686674527], "('1', '3', '0000')": [0, 0, 0, 0], "('1', '3', '0001')": [-57.722234895727624, 2.8000011266164657, -73.98145708656807, -149.9686438014256], "('1', '3', '0010')": [1.833971077092138, 2.5980114835462267, -149.99999999999972, 2.8029995965900776], "('1', '3', '0011')": [-0.7096577203063299, 0, 0, 0], "('1', '3', '0100')": [-150.0, 0.7030618954667796, 0.7922102697125133, 2.800000283190672], "('1', '3', '0101')": [-101.87421907538526, 3.75196484184886, 0.7787985954554728, -118.7811686821453], "('1', '3', '0110')": [-114.90706725098794, 2.7817139870181524, -149.87094870884266, 2.861078435495515], "('1', '3', '0111')": [-57.14285714285714, 2.8083846288346352, -85.71428571428571, -85.71428571428571], "('1', '3', '1000')": [-2.0333850251730485, -149.99999999999932, -9.76915541143236, -22.375937607652347], "('1', '3', '1001')": [-56.98141210977077, -138.19241982507288, -24.753477772084484, -93.87755102040816], "('1', '3', '1010')": [0.99095235582, -137.4427321949188, -122.44897959183673, -0.9073630428612194], "('1', '3', '1011')": [-0.5820075307255713, -85.71428571428571, -57.14285714285714, -85.71428571428571], "('1', '3', '1100')": [-98.55417385613137, -138.19241982507288, 0.8015566945319696, 2.83929480828969], "('1', '3', '1101')": [-85.71428571428571, -57.14285714285714, -58.128834756171635, -85.71428571428571], "('1', '3', '1110')": [-57.14285714285714, -97.37609329446065, -81.63265306122449, 2.8875764286726042], "('1', '3', '1111')": [-92.12827988338192, -81.63265306122449, -85.71428571428571, -81.63265306122449], "('1', '-1', '0000')": [0, 0, 0, 0], "('1', '-1', '0001')": [-2.2901446200028825, -54.91304518631519, -14.499231388731893, -149.6016601440362],