{"('0', '2', '0000')": [0, 0, 0, 0], "('0', '2', '0001')": [-0.08561640731390689, 0.9193100916656968, 2.924060404940263, -149.07054033608446], "('0', '2', '0010')": [3.8491040859589276, -1.1695623093062464, -85.71428571428571, -1.1042467170877166], "('0', '2', '0011')": [2.95192627213149, -1.8025425424021364, -85.71428571428571, -85.71428571428571], "('0', '2', '0100')": [-138.19241982507288, 0.9761686312357425, 3.143769945243708, -57.58883475004645], "('0', '2', '0101')": [-130.44564764681382, 0.3447087795561585, 3.0953492019800626, -81.63265306122449], "('0', '2', '0110')": [-85.71428571428571, -1.1267443457050956, -57.14285714285714, -0.19995651549981625], "('0', '2', '0111')": [-85.71428571428571, 0.9981636626348245, -57.14285714285714, -57.14285714285714], "('0', '2', '1000')": [3.1344601275798505, -149.99424069822103, -22.311001461544965, 0.8594485771125053], "('0', '2', '1001')": [2.9766597695040837, -98.55417385613137, 2.770746306026633, -85.71428571428571], "('0', '2', '1010')": [2.799661785676494, -122.44897959183673, -57.14285714285714, -0.939469710704751], "('0', '2', '1011')": [2.6424830630766407, 0, 0, 0], "('0', '2', '1100')": [-122.44897959183673, -81.63265306122449, -1.1346968047529178, 0.09784080224727001], "('0', '2', '1101')": [-85.71428571428571, -57.14285714285714, 3.3309470705890023, 0], "('0', '2', '1110')": [-85.71428571428571, 0, 0, 0], "('0', '2', '1111')": [-57.14285714285714, -57.14285714285714, 0, 0], "('0', '3', '0000')": [0, 0, 0, 0], "('0', '3', '0001')": [2.8609384181508952, 0, 0, 0], "('0', '3', '0010')": [3.383195909123673, 1.1703893029673254, -122.44897959183673, 3.1742964581974937], "('0', '3', '0011')": [0, 0, 0, 0], "('0', '3', '0100')": [-85.71428571428571, -0.6308810744669356, 0.8391745248554431, 3.1346237585844916], "('0', '3', '0101')": [-85.71428571428571, 0.03897833511639072, 0, 0], "('0', '3', '0110')": [-85.71428571428571, -0.5582050609121388, -85.71428571428571, 2.932732758813655], "('0', '3', '0111')": [0, 0, 0, 0], "('0', '3', '1000')": [3.3362605778844836, -144.9396084964598, 0.978457281628391, 3.310168373280719], "('0', '3', '1001')": [2.8947932604290054, 0, 0, 0], "('0', '3', '1010')": [2.9807409241140492, -85.71428571428571, -57.14285714285714, 3.08115274313185], "('0', '3', '1011')": [3.4690238981424093, 0, 0, 0], "('0', '3', '1100')": [-85.71428571428571, -57.14285714285714, -0.033670490950871795, 2.8057863210644385], "('0', '3', '1101')": [-57.14285714285714, -85.71428571428571, 0, 0], "('0', '3', '1110')": [-57.14285714285714, -85.71428571428571, -57.14285714285714, 2.886415972403851], "('0', '3', '1111')": [0, 0, 0, 0], "('0', '-1', '0000')": [0, 0, 0, 0], "('0', '-1', '0001')": [3.450830282462241, -1.287575983603485, 0.8855480454501019, -85.71428571428571], "('0', '-1', '0010')": [3.1021444081365046, -0.5216500185738551, -85.71428571428571, 0], "('0', '-1', '0011')": [6.408997995880636, 0, 0, 0], "('0', '-1', '0100')": [-85.71428571428571, -0.4884933193671579, -0.9731745221268591, 1.0884239583564341], "('0', '-1', '0101')": [-57.14285714285714, 0, 0, 0], "('0', '-1', '0110')": [-57.14285714285714, -0.5201818198708676, -57.14285714285714, 0], "('0', '-1', '0111')": [0, 0, 0, 0], "('0', '-1', '1000')": [3.4971341740491972, -149.99999999253995, 0.9874885381382996, 0.8480934080972868], "('0', '-1', '1001')": [5.308830384981802, 0, 0.8063174394167274, 0], "('0', '-1', '1010')": [2.9624604528215306, -57.14285714285714, 0, 0], "('0', '-1', '1011')": [8.904335839625926, 0, 0, 0], "('0', '-1', '1100')": [-85.71428571428571, -57.14285714285714, 0, 0], "('0', '-1', '1101')": [-57.14285714285714, -57.14285714285714, 0, 0], "('0', '-1', '1110')": [-57.14285714285714, -57.14285714285714, 0, 0], "('0', '-1', '1111')": [0, 0, 0, 0], "('1', '2', '0000')": [0, 0, 0, 0], "('1', '2', '0001')": [0.9172333107617, 2.833211400518426, 2.8803635011704856, -147.83126078419707], "('1', '2', '0010')": [0.33219230648256315, -8.451242209359535, -149.6016601440362, -0.48564450713857743], "('1', '2', '0011')": [-0.8772953183985177, 2.5779290179552805, -85.71428571428571, -92.12827988338192], "('1', '2', '0100')": [-144.9396084964598, 1.5302451546906397, 2.8516622352777263, -1.934816313162707], "('1', '2', '0101')": [-140.33438448265605, 2.838417219045766, -55.89155237912501, -102.59330721043102], "('1', '2', '0110')": [-85.71428571428571, -8.340691314034334, -57.14285714285714, -0.3157402497793266], "('1', '2', '0111')": [-57.14285714285714, 2.7984325535638286, 0, 0], "('1', '2', '1000')": [1.5545001984158515, -149.6016601440362, 2.796080204223638, -2.1447619538991587], "('1', '2', '1001')": [0.8067629973757531, -85.71428571428571, -55.946347071274474, -110.20408163265306], "('1', '2', '1010')": [-2.5486331526282764, -85.71428571428571, -132.94460641399417, -0.9851573836073628], "('1', '2', '1011')": [0.03556797874955301, -57.14285714285714, -57.14285714285714, -57.14285714285714], "('1', '2', '1100')": [-96.62640566430653, -85.71428571428571, 2.802145925248599, 0], "('1', '2', '1101')": [-57.14285714285714, -85.71428571428571, -0.6772705231670575, 0], "('1', '2', '1110')": [-57.14285714285714, -85.71428571428571, 0, 0], "('1', '2', '1111')": [0, 0, 0, 0], "('1', '3', '0000')": [0, 0, 0, 0], "('1', '3', '0001')": [-57.54822976688242, 2.378090345308636, -65.87931687803, -122.44897959183673], "('1', '3', '0010')": [0.7245201898694242, 2.5725605291214935, -149.92683553665972, 2.9541424492385335], "('1', '3', '0011')": [0, 0, 0, 0], "('1', '3', '0100')": [-149.99753172780902, 3.530928063945961, 0.9274079687577774, -14.270015285445279], "('1', '3', '0101')": [-144.9396084964598, -55.74748183069491, 1.102494358793136, 0], "('1', '3', '0110')": [-85.71428571428571, -55.94109634245761, -57.14285714285714, 2.812241703124327], "('1', '3', '0111')": [-57.14285714285714, 0, 0, 0], "('1', '3', '1000')": [0.17203454720971945, -138.19241982507288, -26.58526658944604, 3.1082125441121935], "('1', '3', '1001')": [-2.702087451309687, -85.71428571428571, 0.8756403298330024, -57.14285714285714], "('1', '3', '1010')": [0.7469452731775464, -57.14285714285714, -122.44897959183673, -0.6335522245107992], "('1', '3', '1011')": [0, 0, 0, 0], "('1', '3', '1100')": [-57.14285714285714, -122.44897959183673, -56.78953802070737, 2.519570938985366], "('1', '3', '1101')": [-57.14285714285714, -57.14285714285714, -57.58267388588088, -85.71428571428571], "('1', '3', '1110')": [-57.14285714285714, -57.14285714285714, -85.71428571428571, 2.3637770909261104], "('1', '3', '1111')": [-57.14285714285714, 0, 0, 0], "('1', '-1', '0000')": [0, 0, 0, 0], "('1', '-1', '0001')": [-0.48336531997520393, 4.12139470287317, 2.141021251005099, -138.19241982507288], "('1', '-1', '0010')": [-2.799999976188186, 3.418734178106029, -85.71428571428571, -1.7627877869460225], "('1', '-1', '0011')": [-0.9212827988338192, 4.938015953280235, 0, 0], "('1', '-1', '0100')": [-149.99424069822103, 3.2139903087132153, 1.4530874202260247, -1.312151672053122], "('1', '-1', '0101')": [-85.71428571428571, 6.1258023453769574, -56.659006430643394, -93.87755102040816], "('1', '-1', '0110')": [-57.14285714285714, -55.89551894292693, -57.14285714285714, -1.202976452621436], "('1', '-1', '0111')": [0, 0, 0, 0], "('1', '-1', '1000')": [-2.799826705689529, -144.9396084964598, -6.066671020847399, -57.08380167575103], "('1', '-1', '1001')": [-2.7995435867032477, -85.71428571428571, -10.397708678447982, -85.71428571428571], "('1', '-1', '1010')": [-2.7888185449030347, -57.14285714285714, -85.71428571428571, -2.7721864147938398], "('1', '-1', '1011')": [-0.8669638289104997, 0, 0, 0], "('1', '-1', '1100')": [-85.71428571428571, -122.44897959183673, -1.2070093375053847, 0], "('1', '-1', '1101')": [-57.14285714285714, -57.14285714285714, 0.8000000027501584, 0], "('1', '-1', '1110')": [-57.14285714285714, -57.14285714285714, -85.71428571428571, 0], "('1', '-1', '1111')": [0, 0, 0, 0], "('-1', '2', '0000')": [0, 0, 0, 0],