{"('0', '2', '0000')": [0, 0, 0, 0], "('0', '2', '0001')": [-21.345774465342693, 0.7632513238637417, 3.5275248967263155, -150.0], "('0', '2', '0010')": [3.3629241167442023, -0.3952367106946112, -149.99996431307534, 0.9407403298884847], "('0', '2', '0011')": [-55.93890861134471, 0.6150608920976615, -138.19241982507288, -57.14285714285714], "('0', '2', '0100')": [-149.99999999974833, -1.0341138220503339, 2.917551761474655, -12.308865489772863], "('0', '2', '0101')": [-121.42610315638045, 2.7044281109975987, 2.900177041921578, -100.96683557482862], "('0', '2', '0110')": [-132.94460641399417, -2.7926400146664214, -144.9396084964598, 0.9407403298884847], "('0', '2', '0111')": [-110.20408163265306, -2.317147637499528, -109.62099125364432, -93.87755102040816], "('0', '2', '1000')": [3.0245995997162236, -150.0, 3.6756594827017386, 0.9407403298884847], "('0', '2', '1001')": [4.162136687961258, -128.58173924255206, -22.375318065728607, -132.22014291103338], "('0', '2', '1010')": [4.284408344133494, -128.56844226680244, -132.08807047404196, -2.1668958862014587], "('0', '2', '1011')": [2.8341684886383494, -81.63265306122449, -92.12827988338192, -92.12827988338192], "('0', '2', '1100')": [-138.19241982507288, -98.55417385613137, -1.4359675091982629, 0.8006350998917844], "('0', '2', '1101')": [-108.2542138054722, -92.12827988338192, 2.915279340988527, -110.20408163265306], "('0', '2', '1110')": [-81.63265306122449, -81.63265306122449, -57.14285714285714, -0.7665623422697567], "('0', '2', '1111')": [-110.20408163265306, -120.69970845481049, -128.57112633401744, -110.20408163265306], "('0', '3', '0000')": [0, 0, 0, 0], "('0', '3', '0001')": [2.7909774871958994, -1.6015781719269981, -3.602235211588627, -149.92683553665972], "('0', '3', '0010')": [2.8908784602720483, -0.8633988596490645, -150.0, 2.966395068288189], "('0', '3', '0011')": [-0.23073375048274083, -0.10865229025135942, -85.71428571428571, 0], "('0', '3', '0100')": [-150.0, 1.7637065364421867, -0.029925558945137033, 2.9069698831253863], "('0', '3', '0101')": [-85.71428571428571, 0.5823935628921434, -68.05824185667295, -81.63265306122449], "('0', '3', '0110')": [-57.14285714285714, -0.2410770052278184, -110.20408163265306, -56.28237889161167], "('0', '3', '0111')": [-57.14285714285714, -1.664397835641119, -110.20408163265306, -57.14285714285714], "('0', '3', '1000')": [3.0270346153494305, -150.0, 0.8589912888117733, -1.3672742082334035], "('0', '3', '1001')": [2.8078961254468244, -120.69970845481049, -56.96815389174094, -104.62817363513503], "('0', '3', '1010')": [2.8707962556871403, -100.26686825397039, -121.42747441402297, 2.906971302547265], "('0', '3', '1011')": [-0.7776436268306155, -57.14285714285714, -85.71428571428571, -57.14285714285714], "('0', '3', '1100')": [-144.9396084964598, -92.12827988338192, -56.780598033429776, 3.0095519068592074], "('0', '3', '1101')": [-85.71428571428571, -57.14285714285714, 0.69427617650309, -57.14285714285714], "('0', '3', '1110')": [-81.63265306122449, -85.71428571428571, -57.14285714285714, 0.8450219374448235], "('0', '3', '1111')": [-127.95178879548487, -122.44897959183673, -128.08948652347237, -101.6294231145186], "('0', '-1', '0000')": [0, 0, 0, 0], "('0', '-1', '0001')": [5.077738529181428, -0.26910883180731565, -23.846144169902914, -149.99424069822103], "('0', '-1', '0010')": [6.227889002361935, -1.751424906362518, -149.99894216906102, -0.7443342509133772], "('0', '-1', '0011')": [2.8120982848399887, -2.7646684532277197, -85.71428571428571, -81.63265306122449], "('0', '-1', '0100')": [-149.6016601440362, -1.648252740056685, 0.25741971435393995, -57.89834957147952], "('0', '-1', '0101')": [-114.11911703456893, -0.8345159634254424, -22.631557306076626, -138.19241982507288], "('0', '-1', '0110')": [-57.14285714285714, -2.7284476720817787, -122.44897959183673, -1.162335087823569], "('0', '-1', '0111')": [-81.63265306122449, -0.6475834692675545, -57.14285714285714, -85.71428571428571], "('0', '-1', '1000')": [3.4981009604658624, -150.0, 1.1064005765545155, 2.0486808131887533], "('0', '-1', '1001')": [2.85892224802252, -149.71727806141342, 1.878328206250409, -100.00526738862627], "('0', '-1', '1010')": [3.2150533096253957, -105.15929344308677, -132.69471053727614, 0.786576866124838], "('0', '-1', '1011')": [11.84073765585824, -57.14285714285714, -57.14285714285714, -57.14285714285714], "('0', '-1', '1100')": [-110.20408163265306, -81.63265306122449, -57.29548444977653, -2.202798689586326], "('0', '-1', '1101')": [-85.71428571428571, -93.87755102040816, -4.630408007243612, -85.71428571428571], "('0', '-1', '1110')": [-57.14285714285714, -85.71428571428571, -85.71428571428571, -2.1226188492263334], "('0', '-1', '1111')": [-85.71428571428571, -81.63265306122449, -57.14285714285714, -57.14285714285714], "('1', '2', '0000')": [0, 0, 0, 0], "('1', '2', '0001')": [0.8063111089866983, 2.763841480440078, 2.8180217434383197, -150.0], "('1', '2', '0010')": [-0.8067574019378198, 6.711222759623373, -149.99999999941275, -1.054205237017598], "('1', '2', '0011')": [-2.3104031261173072, 2.7298307171199774, -144.9396084964598, -96.62640566430653], "('1', '2', '0100')": [-150.0, 8.88561342569713, 1.2820322026172997, -0.2550241672156655], "('1', '2', '0101')": [-149.7006163173621, 2.357549033842831, -55.942857005448964, -134.52420966178855], "('1', '2', '0110')": [-100.00328408322875, -56.29990089842344, -149.92282378449178, 0.9215242973263728], "('1', '2', '0111')": [-106.87723652559734, 2.9264934525078923, -131.57782896582205, -101.87421907538526], "('1', '2', '1000')": [0.6988129943293984, -150.0, 2.8115854601713224, -57.07751239170125], "('1', '2', '1001')": [0.9701848285324199, -147.7484688373467, 2.8633872765671624, -100.21328613607685], "('1', '2', '1010')": [-25.540678029409836, -133.33729993455108, -137.17972224886861, 0.27617703210454847], "('1', '2', '1011')": [0.8853367741482201, -122.44897959183673, -85.71428571428571, -93.87755102040816], "('1', '2', '1100')": [-99.73444009602413, -149.6016601440362, 2.4369145163681036, -57.4660563999788], "('1', '2', '1101')": [-92.12827988338192, -142.6905456059975, 3.0142796478076144, -98.55417385613137], "('1', '2', '1110')": [-104.3731778425656, -57.14285714285714, -132.94460641399417, -1.59990848740129], "('1', '2', '1111')": [-128.94658462625162, -105.24867534739937, -132.94460641399417, -130.79958732950794], "('1', '3', '0000')": [0, 0, 0, 0], "('1', '3', '0001')": [-58.3425786952948, 2.749999990033778, 0.76828488084424, -149.99753172780902], "('1', '3', '0010')": [0.1675921475339201, 1.5723374962917016, -150.0, 2.9636596401926143], "('1', '3', '0011')": [-0.7096577203063299, 2.8793265140206463, 0, 0], "('1', '3', '0100')": [-150.0, 2.7220533382138843, 0.7599549092792611, 2.2390979190392475], "('1', '3', '0101')": [-103.62817324507014, 2.763347541347879, -81.46695755963532, -146.69774038452886], "('1', '3', '0110')": [-100.0072711171693, -55.944591685895055, -144.7513869357899, 2.808869647347774], "('1', '3', '0111')": [-57.14285714285714, 2.4108197374263964, -122.44897959183673, -85.71428571428571], "('1', '3', '1000')": [-2.6786156598889885, -150.0, -2.5574891500517545, 2.904681436082387], "('1', '3', '1001')": [-57.63382804783696, -107.01493425358481, -1.1359594180822383, -99.51805795204379], "('1', '3', '1010')": [-0.878357295442963, -144.61831379782234, -138.19241982507288, 2.3296096743020254], "('1', '3', '1011')": [-1.3235496732451928, -85.71428571428571, -57.14285714285714, -85.71428571428571], "('1', '3', '1100')": [-99.88618861258178, -144.9396084964598, 0.7979450664581396, 2.805701916075562], "('1', '3', '1101')": [-85.71428571428571, -81.63265306122449, -1.0359333582468586, -93.87755102040816], "('1', '3', '1110')": [-57.14285714285714, -97.37609329446065, -81.63265306122449, 1.0958798599255248], "('1', '3', '1111')": [-96.62640566430653, -96.62640566430653, -93.87755102040816, -92.12827988338192], "('1', '-1', '0000')": [0, 0, 0, 0],