{"('0', '2', '0000')": [0, 0, 0, 0], "('0', '2', '0001')": [-55.92713796042232, -0.12368295024765621, 1.6795072459935205, -150.0], "('0', '2', '0010')": [-55.94251927731146, 0.6667916597403566, -149.99753172780902, -0.6110046671246043], "('0', '2', '0011')": [-55.93890861134471, 0.7735361736703171, -122.44897959183673, -57.14285714285714], "('0', '2', '0100')": [-149.9999994840291, -1.250149309077853, 0.9742699656269981, -0.862483607920814], "('0', '2', '0101')": [-149.9686438014256, 0.7756818262073182, 2.205747487640903, -102.25594967460013], "('0', '2', '0110')": [-132.94460641399417, -1.3095792077299748, -144.9396084964598, -1.7248419913662518], "('0', '2', '0111')": [-110.20408163265306, -0.5012137817964406, -109.62099125364432, -93.87755102040816], "('0', '2', '1000')": [2.8313644770043984, -150.0, -0.5090024512266687, 1.1338456711212377], "('0', '2', '1001')": [2.800212378260476, -100.7131335373356, -0.39286576113894045, -108.51366679241121], "('0', '2', '1010')": [-57.233207771614495, -99.98374123036882, -144.67437676282924, -2.7142720827558375], "('0', '2', '1011')": [2.800136528881331, -81.63265306122449, -92.12827988338192, -92.12827988338192], "('0', '2', '1100')": [-138.19241982507288, -98.55417385613137, 1.744185078958649, -24.156051878561257], "('0', '2', '1101')": [-108.2542138054722, -92.12827988338192, 1.5212393378477667, -110.20408163265306], "('0', '2', '1110')": [-81.63265306122449, -81.63265306122449, -57.14285714285714, -2.7448891960573256], "('0', '2', '1111')": [-110.20408163265306, -120.69970845481049, -99.95122369110648, -110.20408163265306], "('0', '3', '0000')": [0, 0, 0, 0], "('0', '3', '0001')": [2.8242759396763866, -1.6113394175275828, -0.950972701812828, -149.82928291887265], "('0', '3', '0010')": [2.859896818858905, -0.43023508236566016, -149.99999999999844, 2.8904941114832052], "('0', '3', '0011')": [3.3385565398970156, 0, 0, 0], "('0', '3', '0100')": [-149.9999999999915, -2.6819413320051337, -9.818770045496604, -6.4506892003829215], "('0', '3', '0101')": [-85.71428571428571, -1.1990195207322463, -68.05824185667295, -81.63265306122449], "('0', '3', '0110')": [-57.14285714285714, -2.797781789597676, -110.20408163265306, -56.28237889161167], "('0', '3', '0111')": [-57.14285714285714, -21.880808116205625, -110.20408163265306, -57.14285714285714], "('0', '3', '1000')": [2.5826707185531372, -150.0, 0.816560427222029, -55.92728842281975], "('0', '3', '1001')": [2.9279088597344636, -120.69970845481049, -3.676836668683918, -104.62817363513503], "('0', '3', '1010')": [2.532096626882307, -143.06828972751902, -149.5869050515445, 2.8335554366463205], "('0', '3', '1011')": [3.0157052489194123, 0, 0, 0], "('0', '3', '1100')": [-144.9396084964598, -92.12827988338192, -56.780598033429776, 2.820608214443755], "('0', '3', '1101')": [-85.71428571428571, -57.14285714285714, -0.9389739793733634, -57.14285714285714], "('0', '3', '1110')": [-81.63265306122449, -85.71428571428571, -57.14285714285714, 1.2829959840201521], "('0', '3', '1111')": [-98.55417385613137, -122.44897959183673, -98.87546855476884, -120.69970845481049], "('0', '-1', '0000')": [0, 0, 0, 0], "('0', '-1', '0001')": [-55.91230871288496, -2.171209608609213, -56.50968025957017, -149.9686438014256], "('0', '-1', '0010')": [3.082412378800643, -1.5696287148675996, -149.9686438014256, -2.7999959975888222], "('0', '-1', '0011')": [10.677555539963667, -2.7646684532277197, 0, -57.14285714285714], "('0', '-1', '0100')": [-144.9396084964598, -2.0098724997372694, -8.56496183858633, -1.8315780105164066], "('0', '-1', '0101')": [-132.94460641399417, -2.3149581162547026, -22.631557306076626, -138.19241982507288], "('0', '-1', '0110')": [-57.14285714285714, -2.7284476720817787, -122.44897959183673, -1.4316485366348723], "('0', '-1', '0111')": [-81.63265306122449, -0.6475834692675545, -57.14285714285714, -85.71428571428571], "('0', '-1', '1000')": [3.3935280495765783, -150.0, 1.2923938975843974, -0.7431710409902843], "('0', '-1', '1001')": [3.0609198935293893, -141.6195632772059, -56.76270368377439, -101.98350298648644], "('0', '-1', '1010')": [2.947846128083153, -98.87546855476884, -85.71428571428571, 1.058870980210359], "('0', '-1', '1011')": [2.9677341184661152, -57.14285714285714, -57.14285714285714, -57.14285714285714], "('0', '-1', '1100')": [-110.20408163265306, -81.63265306122449, -57.29548444977653, -2.764571626036852], "('0', '-1', '1101')": [-85.71428571428571, -93.87755102040816, 0.9539136306794371, -85.71428571428571], "('0', '-1', '1110')": [-57.14285714285714, -85.71428571428571, -85.71428571428571, -2.6524407199263687], "('0', '-1', '1111')": [-85.71428571428571, -81.63265306122449, -57.14285714285714, -57.14285714285714], "('1', '2', '0000')": [0, 0, 0, 0], "('1', '2', '0001')": [-0.4790002871048403, 0.20410417563082262, 3.3539625674599227, -150.0], "('1', '2', '0010')": [0.5155120830221979, -22.356527467024737, -149.99999719082518, -1.391304347826087], "('1', '2', '0011')": [-2.756556935745091, 2.7908499789782137, -122.44897959183673, -92.12827988338192], "('1', '2', '0100')": [-150.0, 2.6194553260805327, 2.904555344015626, 0.8005308583196354], "('1', '2', '0101')": [-149.99988596305718, 2.9011160047923275, -55.923015272383125, -105.24787432742131], "('1', '2', '0110')": [-136.6571581480762, 2.9138778242504975, -137.54498686100794, 0.8039408970648305], "('1', '2', '0111')": [-137.4427321949188, 2.7163545946975187, -107.01493425358481, -101.87421907538526], "('1', '2', '1000')": [-0.6065561383344182, -149.99999999974833, 3.1561187688217203, -0.8390215369728232], "('1', '2', '1001')": [-2.7570465454031376, -149.07054033608446, -55.9687306458203, -100.49766765084595], "('1', '2', '1010')": [-1.618940558662255, -111.12036651395252, -120.08601858069342, -1.2355654998688363], "('1', '2', '1011')": [-1.9376206706308654, -122.44897959183673, -85.71428571428571, -93.87755102040816], "('1', '2', '1100')": [-98.55417385613137, -147.83126078419707, 2.1615597260141355, -57.4660563999788], "('1', '2', '1101')": [-92.12827988338192, -142.6905456059975, 2.814344894103783, -96.62640566430653], "('1', '2', '1110')": [-110.20408163265306, -57.14285714285714, -132.94460641399417, -1.3283985785153114], "('1', '2', '1111')": [-111.12036651395252, -100.01094978362916, -132.94460641399417, -128.3058686674527], "('1', '3', '0000')": [0, 0, 0, 0], "('1', '3', '0001')": [-0.6304851173033406, 2.926476951936111, -56.79463558921493, -149.9865616291824], "('1', '3', '0010')": [0.9866183935977656, 2.6148116714871925, -150.0, 3.3761796303944873], "('1', '3', '0011')": [-0.7096577203063299, 2.8793265140206463, 0, 0], "('1', '3', '0100')": [-150.0, 1.8494454211577578, -10.670561448108229, 2.9967419253452343], "('1', '3', '0101')": [-146.09123789107625, -22.379474645675593, -1.2786868124091741, -108.04907229234799], "('1', '3', '0110')": [-106.38874310756626, 2.990270151390984, -149.97629670162416, 0.5145004817646222], "('1', '3', '0111')": [-57.14285714285714, 0.17798445373367994, -85.71428571428571, -85.71428571428571], "('1', '3', '1000')": [-0.6038899860426654, -149.99999999999994, 0.7573644771601908, -55.908839511605265], "('1', '3', '1001')": [-1.8771268265342875, -138.19241982507288, -57.25734728859874, -97.37609329446065], "('1', '3', '1010')": [0.7969149058642765, -137.4427321949188, -122.44897959183673, 3.939226556788955], "('1', '3', '1011')": [-0.46645421200755055, -85.71428571428571, -57.14285714285714, -85.71428571428571], "('1', '3', '1100')": [-98.55417385613137, -138.19241982507288, 0.8112281510868236, -22.37422778942021], "('1', '3', '1101')": [-85.71428571428571, -81.63265306122449, 0.30373550861287724, -93.87755102040816], "('1', '3', '1110')": [-57.14285714285714, -97.37609329446065, -81.63265306122449, 2.497341200318803], "('1', '3', '1111')": [-92.12827988338192, -81.63265306122449, -85.71428571428571, -81.63265306122449], "('1', '-1', '0000')": [0, 0, 0, 0], "('1', '-1', '0001')": [-2.0429590468932326, 6.200532219696331, -56.9628297878331, -149.82928291887265],