{"('0', '2', '0000')": [0, 0, 0, 0], "('0', '2', '0001')": [5.989612579704101, 1.177218933442218, 1.8717248965885622, -149.9865616291824], "('0', '2', '0010')": [-23.0004336759288, 0.09730331461389127, -144.9396084964598, -0.7503486338396307], "('0', '2', '0011')": [2.591050233964854, -1.8025425424021364, -85.71428571428571, -85.71428571428571], "('0', '2', '0100')": [-147.83126078419707, -0.9158607854195823, 4.850479699518551, -1.2022932616358943], "('0', '2', '0101')": [-113.04813470577736, -2.7999999999473006, -55.57853846914044, -108.8713036234902], "('0', '2', '0110')": [-97.37609329446065, -57.62574757673075, -57.14285714285714, -0.9109351410658006], "('0', '2', '0111')": [-85.71428571428571, 0.7900706480550188, -57.14285714285714, -57.14285714285714], "('0', '2', '1000')": [2.915074156236363, -149.9999847056037, 1.1355755462074615, -1.2485308748616983], "('0', '2', '1001')": [-56.37703337524001, -127.95178879548487, 2.8512190057577413, -138.19241982507288], "('0', '2', '1010')": [-55.678712742403874, -122.44897959183673, -110.20408163265306, -2.5805172771983074], "('0', '2', '1011')": [2.8050136498186564, -85.71428571428571, 0, 0], "('0', '2', '1100')": [-122.44897959183673, -81.63265306122449, 3.1901160243283724, -1.1593951905631132], "('0', '2', '1101')": [-85.71428571428571, -57.14285714285714, 2.8392289191946682, 0], "('0', '2', '1110')": [-85.71428571428571, -57.14285714285714, -57.14285714285714, -1.1339724289129127], "('0', '2', '1111')": [-81.63265306122449, -57.14285714285714, -57.14285714285714, -57.14285714285714], "('0', '3', '0000')": [0, 0, 0, 0], "('0', '3', '0001')": [-55.78218892750024, 0.8059885002262649, -12.669157683913788, -85.71428571428571], "('0', '3', '0010')": [2.821448603699498, -2.182039277423023, -149.07054033608446, 2.824620369892863], "('0', '3', '0011')": [2.854700135924085, 0, 0, 0], "('0', '3', '0100')": [-144.9396084964598, 1.3252505967313746, -7.165781002456036, 2.809523609353177], "('0', '3', '0101')": [-85.71428571428571, -57.52200351672962, -0.5742039989531542, -57.14285714285714], "('0', '3', '0110')": [-85.71428571428571, -0.5582050609121388, -85.71428571428571, 2.8152660632932784], "('0', '3', '0111')": [-57.14285714285714, -1.187653942014788, -85.71428571428571, -57.14285714285714], "('0', '3', '1000')": [3.2943364774493924, -149.92683553665972, -1.5407004150499362, -55.76830331229633], "('0', '3', '1001')": [2.9035264540689463, 0, 0, -120.69970845481049], "('0', '3', '1010')": [2.486348877579789, -93.87755102040816, -57.14285714285714, 2.8403470147052277], "('0', '3', '1011')": [2.9700798222999394, 0, 0, 0], "('0', '3', '1100')": [-85.71428571428571, -57.14285714285714, -56.788550619543976, 2.8010590035885965], "('0', '3', '1101')": [-57.14285714285714, -85.71428571428571, -0.2919061148364036, -85.71428571428571], "('0', '3', '1110')": [-57.14285714285714, -85.71428571428571, -57.14285714285714, 1.1318991742651299], "('0', '3', '1111')": [-57.14285714285714, -85.71428571428571, -57.14285714285714, 0], "('0', '-1', '0000')": [0, 0, 0, 0], "('0', '-1', '0001')": [11.820344417742625, -1.6750519454815866, -56.763336551949955, -122.44897959183673], "('0', '-1', '0010')": [2.8568711825178084, -0.1502355551720554, -122.44897959183673, 1.2610064555318545], "('0', '-1', '0011')": [3.740934912811694, 0, 0, 0], "('0', '-1', '0100')": [-85.71428571428571, -1.972912241129758, -2.0200203369378382, -1.0471171458059745], "('0', '-1', '0101')": [-57.14285714285714, -2.1207020789179687, -2.345901090387115, -85.71428571428571], "('0', '-1', '0110')": [-57.14285714285714, -1.789288080698319, -57.14285714285714, -1.5656497157345823], "('0', '-1', '0111')": [-57.14285714285714, 0, 0, 0], "('0', '-1', '1000')": [3.3397258475492047, -150.0, -0.5775667452977681, 0.22558805698822393], "('0', '-1', '1001')": [2.8635082786640713, -122.44897959183673, -2.774869179467254, -81.63265306122449], "('0', '-1', '1010')": [2.8094812628215853, -57.14285714285714, -57.14285714285714, -1.949945039996115], "('0', '-1', '1011')": [2.802049313815399, 0, 0, 0], "('0', '-1', '1100')": [-85.71428571428571, -57.14285714285714, 0.9250324542436335, -2.507037543526918], "('0', '-1', '1101')": [-57.14285714285714, -57.14285714285714, -1.3218333353350564, -85.71428571428571], "('0', '-1', '1110')": [-57.14285714285714, -57.14285714285714, -57.14285714285714, -2.6589039679650854], "('0', '-1', '1111')": [0, 0, 0, 0], "('1', '2', '0000')": [0, 0, 0, 0], "('1', '2', '0001')": [0.6918867823354864, -55.95677979719445, 0.8394459896195878, -149.99753172780902], "('1', '2', '0010')": [-0.8548308855277551, 2.029226021892276, -149.82928291887265, 0.6330597076593798], "('1', '2', '0011')": [-0.8772953183985177, 2.0895274396201935, -122.44897959183673, -92.12827988338192], "('1', '2', '0100')": [-149.6016601440362, 2.707313355698396, 0.6603659017754023, -1.543272656061024], "('1', '2', '0101')": [-119.65325429273274, 2.6632632867935815, 0.023899963456212953, -128.77556645679778], "('1', '2', '0110')": [-97.37609329446065, -22.408968191512024, -110.20408163265306, -1.109090054434484], "('1', '2', '0111')": [-81.63265306122449, 2.712098501676561, 0, -57.14285714285714], "('1', '2', '1000')": [-0.8548308868310364, -149.6016601440362, -22.72164641911149, 0.15811107850578254], "('1', '2', '1001')": [0.6632774687443703, -122.44897959183673, 2.717681059449353, -110.20408163265306], "('1', '2', '1010')": [-2.5486331526282764, -85.71428571428571, -132.94460641399417, -1.3596607197090735], "('1', '2', '1011')": [0.5074009878740144, -57.14285714285714, -57.14285714285714, -57.14285714285714], "('1', '2', '1100')": [-96.62640566430653, -85.71428571428571, 3.7206852265109456, -0.32815914806364366], "('1', '2', '1101')": [-57.14285714285714, -85.71428571428571, 2.7659634089531604, -57.14285714285714], "('1', '2', '1110')": [-57.14285714285714, -93.87755102040816, -57.14285714285714, 0.04094807633720604], "('1', '2', '1111')": [-122.44897959183673, -92.12827988338192, -85.71428571428571, -85.71428571428571], "('1', '3', '0000')": [0, 0, 0, 0], "('1', '3', '0001')": [-1.9455967229616329, -4.280190666556901, -65.87931687803, -147.83126078419707], "('1', '3', '0010')": [-0.660380300457802, -18.358482439898424, -149.9998057045214, 1.913955625871255], "('1', '3', '0011')": [-0.8163265306122449, 0, 0, 0], "('1', '3', '0100')": [-149.99999999941275, 2.940173686071482, 0.7690257640166503, 1.4622795341444712], "('1', '3', '0101')": [-144.9396084964598, -55.74748183069491, -3.564303720795249, -93.87755102040816], "('1', '3', '0110')": [-98.87546855476884, -55.92057673472571, -57.14285714285714, 2.8009641995558052], "('1', '3', '0111')": [-57.14285714285714, 0.356786972194164, 0, 0], "('1', '3', '1000')": [-1.4709282357180957, -149.07054033608446, -2.881139310544288, -23.34704568837885], "('1', '3', '1001')": [0.1466304547689587, -85.71428571428571, -26.147788286068792, -57.14285714285714], "('1', '3', '1010')": [0.40827507798786206, -57.14285714285714, -122.44897959183673, 2.7550112166840393], "('1', '3', '1011')": [0, 0, 0, 0], "('1', '3', '1100')": [-57.14285714285714, -122.44897959183673, -56.78953802070737, 2.825151832661713], "('1', '3', '1101')": [-81.63265306122449, -81.63265306122449, -3.450370275824752, -85.71428571428571], "('1', '3', '1110')": [-57.14285714285714, -57.14285714285714, -85.71428571428571, 2.8000778842137617], "('1', '3', '1111')": [-57.14285714285714, -85.71428571428571, 0, 0], "('1', '-1', '0000')": [0, 0, 0, 0], "('1', '-1', '0001')": [-2.446904768162716, -55.50690840438733, -9.701817041687958, -144.9396084964598], "('1', '-1', '0010')": [-2.799999976188186, -21.692555682227738, -85.71428571428571, 0.8032441391082787], "('1', '-1', '0011')": [-0.9212827988338192, 3.8878585155804224, 0, 0], "('1', '-1', '0100')": [-149.99999999253995, 2.845133951651655, -1.2322310202982023, 0.5828245323521056], "('1', '-1', '0101')": [-127.44689712619741, 3.9855225468813558, -16.608980715754676, -97.37609329446065],