{"('0', '2', '0000')": [0, 0, 0, 0], "('0', '2', '0001')": [0.7454953451860253, 1.0958463282500461, 2.9357188314006306, -149.9999999999999], "('0', '2', '0010')": [-22.266574515760258, -24.371533313343722, -149.9686438014256, -1.4477605943750804], "('0', '2', '0011')": [2.923061685600565, 0.9385919322450184, -138.19241982507288, -93.87755102040816], "('0', '2', '0100')": [-149.99753172780902, 1.1974897978043357, 3.260139291960649, -1.0088154461929717], "('0', '2', '0101')": [-149.77103154468386, 1.0127357356690934, 6.166464941080985, -100.61369174533033], "('0', '2', '0110')": [-97.37609329446065, -1.039170654637843, -114.11911703456893, -58.03065160714231], "('0', '2', '0111')": [-85.71428571428571, -56.46211699822987, -57.14285714285714, -57.14285714285714], "('0', '2', '1000')": [2.8065483444827573, -149.99999999989214, 3.1498832758499846, -2.688668884404729], "('0', '2', '1001')": [2.8180600576365267, -121.12846533015689, 2.9909650583570877, -109.17468781433922], "('0', '2', '1010')": [3.036054288739484, -107.01493425358481, -110.20408163265306, 0.8036869752193395], "('0', '2', '1011')": [2.806712480772178, -85.71428571428571, -57.14285714285714, -57.14285714285714], "('0', '2', '1100')": [-138.19241982507288, -81.63265306122449, 2.838038496092698, -1.4459314224595563], "('0', '2', '1101')": [-85.71428571428571, -81.63265306122449, -0.39589612971062715, -81.63265306122449], "('0', '2', '1110')": [-85.71428571428571, -57.14285714285714, -57.14285714285714, -1.9306085587144368], "('0', '2', '1111')": [-92.12827988338192, -81.63265306122449, -81.63265306122449, -81.63265306122449], "('0', '3', '0000')": [0, 0, 0, 0], "('0', '3', '0001')": [2.69086080437029, -58.17441485956601, -64.26771144603228, -144.9396084964598], "('0', '3', '0010')": [2.763143914005912, 2.0263699397083212, -149.99996431307534, 3.7377157921483395], "('0', '3', '0011')": [2.910790625842148, 0, 0, 0], "('0', '3', '0100')": [-149.99996431307534, -2.7839619863957354, -56.709848728596214, -21.920252709322067], "('0', '3', '0101')": [-122.44897959183673, -2.796496858584745, -58.100180447038696, -110.20408163265306], "('0', '3', '0110')": [-122.44897959183673, 0.9103857505057513, -85.71428571428571, -55.891003390167505], "('0', '3', '0111')": [-57.14285714285714, -0.1308942372110313, -85.71428571428571, -57.14285714285714], "('0', '3', '1000')": [2.3656376575182416, -149.99999999989214, 0.4394164980553862, 0.9327869864460876], "('0', '3', '1001')": [2.6322686136399245, -114.11911703456893, 0.4922810783096399, -137.4427321949188], "('0', '3', '1010')": [-0.7723952945984405, -129.49737553820157, -105.39534669106531, 1.974607084520986], "('0', '3', '1011')": [1.4180693187891653, 0, 0, 0], "('0', '3', '1100')": [-122.44897959183673, -57.14285714285714, -0.13258199907099283, 2.069518441875921], "('0', '3', '1101')": [-110.20408163265306, -85.71428571428571, 0.7483502501267161, -85.71428571428571], "('0', '3', '1110')": [-57.14285714285714, -85.71428571428571, -110.20408163265306, 2.808785257389315], "('0', '3', '1111')": [-120.69970845481049, -85.71428571428571, -92.12827988338192, -110.20408163265306], "('0', '-1', '0000')": [0, 0, 0, 0], "('0', '-1', '0001')": [3.2480907331748092, -2.2973685922077065, -0.033844482160439615, -149.07054033608446], "('0', '-1', '0010')": [11.747002610242674, -2.785841178988774, -144.9396084964598, -0.7936196441632308], "('0', '-1', '0011')": [4.189384096889358, -1.5190691450927591, -85.71428571428571, -57.14285714285714], "('0', '-1', '0100')": [-85.71428571428571, -1.3833978285582407, -56.79407472897137, -8.396736730757956], "('0', '-1', '0101')": [-57.14285714285714, -2.1713939795498645, -2.799582810459101, -138.19241982507288], "('0', '-1', '0110')": [-57.14285714285714, -1.1068883638157758, -57.14285714285714, -2.6128051745560406], "('0', '-1', '0111')": [-57.14285714285714, -1.867508616569631, -57.14285714285714, 0], "('0', '-1', '1000')": [3.4417960150434714, -150.0, 0.6950985551675325, -0.33482127440004383], "('0', '-1', '1001')": [2.8087277835699744, -122.44897959183673, 0.5144253799710059, -104.62817363513503], "('0', '-1', '1010')": [-55.93712340327553, -110.20408163265306, -81.63265306122449, 0.9504744565201957], "('0', '-1', '1011')": [3.5899475949255937, -57.14285714285714, -85.71428571428571, -85.71428571428571], "('0', '-1', '1100')": [-85.71428571428571, -57.14285714285714, -56.758143948149254, -0.5963966222017076], "('0', '-1', '1101')": [-57.14285714285714, -57.14285714285714, 0.4377229513217361, -85.71428571428571], "('0', '-1', '1110')": [-57.14285714285714, -57.14285714285714, -57.14285714285714, 0.2514314054930403], "('0', '-1', '1111')": [0, 0, 0, 0], "('1', '2', '0000')": [0, 0, 0, 0], "('1', '2', '0001')": [0.5186354624563592, -23.63261400061713, 1.8310969127112355, -150.0], "('1', '2', '0010')": [-0.4919690232830424, 3.412132217754174, -149.99996431307534, -1.3302831201548089], "('1', '2', '0011')": [-2.7975443132465108, 3.4651445721943226, -122.44897959183673, -99.3803602240563], "('1', '2', '0100')": [-150.0, 3.75231568828488, 2.7987228995886353, -1.4202357820914728], "('1', '2', '0101')": [-137.7532100108805, 3.1041437938093073, -56.028448548943224, -112.32380541334514], "('1', '2', '0110')": [-140.81632652895445, 5.074813922201507, -120.46212590396648, 0.33072051641138056], "('1', '2', '0111')": [-96.62640566430653, 2.7976064462505246, -85.71428571428571, -57.14285714285714], "('1', '2', '1000')": [-0.6828654684953376, -149.99999344525872, 2.1370981809197485, -1.7880928710966688], "('1', '2', '1001')": [0.40464074661939115, -129.24212871406627, -8.53936191959873, -130.88372001045656], "('1', '2', '1010')": [-0.561096095217776, -99.51805795204379, -149.4246202080523, -1.5290171767231429], "('1', '2', '1011')": [-2.796180042840146, -57.14285714285714, -57.14285714285714, -110.20408163265306], "('1', '2', '1100')": [-99.3803602240563, -85.71428571428571, -18.89820504219349, 0.8028627995753759], "('1', '2', '1101')": [-57.14285714285714, -122.44897959183673, 3.282751727472423, -57.14285714285714], "('1', '2', '1110')": [-92.12827988338192, -99.79345340801876, -57.14285714285714, -1.0418296524766295], "('1', '2', '1111')": [-132.69471053727614, -128.3058686674527, -129.32876607535974, -122.44897959183673], "('1', '3', '0000')": [0, 0, 0, 0], "('1', '3', '0001')": [-1.128063217639043, 0.7221846786427675, -68.17899028419133, -149.82928291887265], "('1', '3', '0010')": [-0.6594832563704988, 2.440715245975657, -149.99999999974833, 2.477686453916612], "('1', '3', '0011')": [-0.8163265306122449, 0.8442614436966717, 0, 0], "('1', '3', '0100')": [-150.0, 2.6420587807123788, 0.6499993961496715, 2.5927967653163844], "('1', '3', '0101')": [-106.76389349779811, 2.698464244835894, -56.759120691841474, -128.08948652347237], "('1', '3', '0110')": [-128.55516980179738, -0.05902912173246641, -149.89431799739737, 2.621601017777758], "('1', '3', '0111')": [-57.14285714285714, 2.8981820607911377, 0, 0], "('1', '3', '1000')": [-0.9248365775951647, -149.9999999986298, -0.5357683009629528, -22.414996972000953], "('1', '3', '1001')": [-1.2490254270126322, -122.44897959183673, -26.147788286068792, -81.63265306122449], "('1', '3', '1010')": [0.49262848737252063, -57.14285714285714, -138.19241982507288, -10.037444700809221], "('1', '3', '1011')": [-2.4194537538349175, -57.14285714285714, -57.14285714285714, -85.71428571428571], "('1', '3', '1100')": [-57.14285714285714, -149.82928291887265, -23.876815041856872, 2.6664427837708953], "('1', '3', '1101')": [-81.63265306122449, -92.12827988338192, 0.9879260820832629, -122.44897959183673], "('1', '3', '1110')": [-57.14285714285714, -57.14285714285714, -85.71428571428571, 0.6227894864830502], "('1', '3', '1111')": [-81.63265306122449, -85.71428571428571, -57.14285714285714, -85.71428571428571], "('1', '-1', '0000')": [0, 0, 0, 0], "('1', '-1', '0001')": [-58.31790596999884, -81.09741901762332, 0.1785787617393959, -149.99424069822103],