{"('0', '2', '0000')": [0, 0, 0, 0], "('0', '2', '0001')": [-0.7981386337539951, -2.3019681958564524, 3.0798352451025774, -149.99999999999636], "('0', '2', '0010')": [-8.638580548826434, 1.5917543556999978, -149.9686438014256, -1.5501346717619748], "('0', '2', '0011')": [-6.9062862010977195, -1.9492456243456333, -85.71428571428571, -93.87755102040816], "('0', '2', '0100')": [-149.99424069822103, -0.1364529806801616, 2.979894102316039, -1.0088154461929717], "('0', '2', '0101')": [-149.77103154468386, -1.476604304536761, -55.94155324750994, -101.43194740577076], "('0', '2', '0110')": [-97.37609329446065, -1.2799499148276372, -114.11911703456893, -58.03065160714231], "('0', '2', '0111')": [-85.71428571428571, -56.46211699822987, -57.14285714285714, -57.14285714285714], "('0', '2', '1000')": [-0.6537438579253556, -149.9999999986298, 2.916348470572225, -1.3120963592074302], "('0', '2', '1001')": [-7.982403675364576, -101.56765106670295, 2.8017554259614097, -149.95107810029134], "('0', '2', '1010')": [2.906572626831503, -107.01493425358481, -110.20408163265306, 0.8153123371844129], "('0', '2', '1011')": [2.8395321330344885, -85.71428571428571, -57.14285714285714, -57.14285714285714], "('0', '2', '1100')": [-138.19241982507288, -81.63265306122449, 3.333612143524361, -1.4459314224595563], "('0', '2', '1101')": [-85.71428571428571, -81.63265306122449, 2.8011284881176914, -81.63265306122449], "('0', '2', '1110')": [-85.71428571428571, -57.14285714285714, -57.14285714285714, 0.8110259278597636], "('0', '2', '1111')": [-92.12827988338192, -81.63265306122449, -81.63265306122449, -81.63265306122449], "('0', '3', '0000')": [0, 0, 0, 0], "('0', '3', '0001')": [2.910790625842148, -58.17441485956601, -64.26771144603228, -85.71428571428571], "('0', '3', '0010')": [2.795325896170407, 0.8353880528527204, -149.99753172780902, 2.8145047319808105], "('0', '3', '0011')": [2.910790625842148, 0, 0, 0], "('0', '3', '0100')": [-149.99991673050917, 0.9310677726835466, -56.709848728596214, 2.8057115204364593], "('0', '3', '0101')": [-122.44897959183673, -2.7827653846984477, -58.100180447038696, -110.20408163265306], "('0', '3', '0110')": [-122.44897959183673, 1.1706806350013839, -85.71428571428571, -55.891003390167505], "('0', '3', '0111')": [-57.14285714285714, -1.0325484338241477, -85.71428571428571, -57.14285714285714], "('0', '3', '1000')": [2.805976308051026, -149.9999999593842, 0.8712225438718205, 2.8420101638060666], "('0', '3', '1001')": [2.8736450802526097, -110.20408163265306, 1.3970385812470054, -120.69970845481049], "('0', '3', '1010')": [2.8827761871869404, -129.49737553820157, -101.87421907538526, 1.0947970897373798], "('0', '3', '1011')": [2.9318030565306312, 0, 0, 0], "('0', '3', '1100')": [-122.44897959183673, -57.14285714285714, 0.8084206859520228, 2.799064638161348], "('0', '3', '1101')": [-110.20408163265306, -85.71428571428571, 0.7877397063482279, -85.71428571428571], "('0', '3', '1110')": [-57.14285714285714, -85.71428571428571, -110.20408163265306, 2.3272380519097564], "('0', '3', '1111')": [-81.63265306122449, -85.71428571428571, -81.63265306122449, -110.20408163265306], "('0', '-1', '0000')": [0, 0, 0, 0], "('0', '-1', '0001')": [11.85502352232859, -2.38998574957495, -24.433640387428937, -147.83126078419707], "('0', '-1', '0010')": [3.0282585798236075, -0.1502355551720554, -144.9396084964598, -0.7936196441632308], "('0', '-1', '0011')": [4.023472331217764, -1.5190691450927591, -85.71428571428571, -57.14285714285714], "('0', '-1', '0100')": [-85.71428571428571, -2.301297213329225, -56.79407472897137, -2.7935451754830742], "('0', '-1', '0101')": [-57.14285714285714, -2.4794053902713724, -2.799582810459101, -138.19241982507288], "('0', '-1', '0110')": [-57.14285714285714, -1.871869914333627, -57.14285714285714, -2.6128051745560406], "('0', '-1', '0111')": [-57.14285714285714, -1.867508616569631, -57.14285714285714, 0], "('0', '-1', '1000')": [3.2271996648600623, -150.0, 0.5662390118632527, 0.023268829145555153], "('0', '-1', '1001')": [2.807429649642995, -122.44897959183673, -56.7878531550126, -110.79907181531505], "('0', '-1', '1010')": [-55.93712340327553, -57.14285714285714, -81.63265306122449, -1.5623558104958062], "('0', '-1', '1011')": [4.471699558251634, -57.14285714285714, -85.71428571428571, -85.71428571428571], "('0', '-1', '1100')": [-85.71428571428571, -57.14285714285714, -56.758143948149254, 0.8685109229650675], "('0', '-1', '1101')": [-57.14285714285714, -57.14285714285714, 0.5308474050839277, -85.71428571428571], "('0', '-1', '1110')": [-57.14285714285714, -57.14285714285714, -57.14285714285714, 0.2514314054930403], "('0', '-1', '1111')": [0, 0, 0, 0], "('1', '2', '0000')": [0, 0, 0, 0], "('1', '2', '0001')": [-1.3380963689187326, -56.01336187419814, 2.6930689297224917, -150.0], "('1', '2', '0010')": [-2.6879334990887607, -22.380325230421118, -149.9995466438833, -2.528823602237555], "('1', '2', '0011')": [0.7564031794978042, -28.234261284068385, -122.44897959183673, -99.3803602240563], "('1', '2', '0100')": [-149.99999999253995, 2.7942453019001063, -0.7628965436675355, 0.5474125305826152], "('1', '2', '0101')": [-149.694656474733, 2.7963005512409973, 1.9808964933611335, -102.33897280792195], "('1', '2', '0110')": [-99.99999973245954, 2.7952279711616, -121.35264562251257, 0.7969955663499404], "('1', '2', '0111')": [-96.62640566430653, 2.741765589797127, -85.71428571428571, -57.14285714285714], "('1', '2', '1000')": [-2.6879366312490545, -149.9998057045214, -8.447403517763266, -2.625674062288281], "('1', '2', '1001')": [-2.1922705102702094, -129.24212871406627, 2.731700613677983, -104.3731778425656], "('1', '2', '1010')": [-2.786047500532029, -99.51805795204379, -149.4246202080523, -1.2929746024574273], "('1', '2', '1011')": [0.7991446831813986, -57.14285714285714, -57.14285714285714, -110.20408163265306], "('1', '2', '1100')": [-98.55417385613137, -85.71428571428571, -18.89820504219349, 0.796932267175228], "('1', '2', '1101')": [-57.14285714285714, -85.71428571428571, 2.79835839884979, -57.14285714285714], "('1', '2', '1110')": [-81.63265306122449, -99.79345340801876, -57.14285714285714, -0.31706297033922404], "('1', '2', '1111')": [-132.69471053727614, -128.3058686674527, -122.44897959183673, -122.44897959183673], "('1', '3', '0000')": [0, 0, 0, 0], "('1', '3', '0001')": [-56.90112481024196, -55.93563906684986, -5.599908337506914, -149.82928291887265], "('1', '3', '0010')": [0.8605704852510943, 2.8047177848702702, -149.99999999253995, 2.8101986182259093], "('1', '3', '0011')": [-0.8163265306122449, 1.4800298151299933, 0, 0], "('1', '3', '0100')": [-150.0, 2.8092244305536127, -2.796212906418316, 0.011993751831851009], "('1', '3', '0101')": [-115.78241816152891, -55.822899853939, -2.800241178207666, -128.08948652347237], "('1', '3', '0110')": [-99.96206287086059, -55.880380266150354, -149.75340866059383, 2.8065571225651285], "('1', '3', '0111')": [-57.14285714285714, 2.7171091822898603, 0, 0], "('1', '3', '1000')": [0.9787463288356824, -149.9999994840291, -2.7990876678011416, 2.806556563005034], "('1', '3', '1001')": [-2.738285552813628, -85.71428571428571, -26.147788286068792, -81.63265306122449], "('1', '3', '1010')": [0.6205303088000619, -57.14285714285714, -122.44897959183673, -10.037444700809221], "('1', '3', '1011')": [1.1484637556603112, -57.14285714285714, -57.14285714285714, -85.71428571428571], "('1', '3', '1100')": [-57.14285714285714, -144.9396084964598, -23.876815041856872, 2.737482895247717], "('1', '3', '1101')": [-81.63265306122449, -92.12827988338192, -0.5153037165051024, -122.44897959183673], "('1', '3', '1110')": [-57.14285714285714, -57.14285714285714, -85.71428571428571, 3.4067831173285157], "('1', '3', '1111')": [-57.14285714285714, -85.71428571428571, -57.14285714285714, -85.71428571428571], "('1', '-1', '0000')": [0, 0, 0, 0], "('1', '-1', '0001')": [-2.734792584436402, -55.817830623900925, -3.8285665546267835, -149.99424069822103],