{"('0', '2', '0000')": [0, 0, 0, 0], "('0', '2', '0001')": [1.341128005155016, 0.9275501182232391, 3.5323566670535493, -150.0], "('0', '2', '0010')": [2.251435140210723, -1.2014395241349747, -149.99991673050917, -2.794312352214627], "('0', '2', '0011')": [-55.93890861134471, 1.027037114892881, -138.19241982507288, -57.14285714285714], "('0', '2', '0100')": [-149.99999999680284, -1.3170006188123413, 3.0277280052241213, -0.9995024106482078], "('0', '2', '0101')": [-149.99424069822103, -0.6698885689637729, 3.154323514186733, -100.96683557482862], "('0', '2', '0110')": [-132.94460641399417, -1.4542906834343696, -144.9396084964598, -0.9257159411742539], "('0', '2', '0111')": [-110.20408163265306, -0.8034426481942508, -109.62099125364432, -93.87755102040816], "('0', '2', '1000')": [2.918730120188595, -150.0, 3.27057965378281, -0.06472167752331648], "('0', '2', '1001')": [-81.10979593942551, -100.02405823262148, 2.8362480275773825, -132.22014291103338], "('0', '2', '1010')": [1.4599831488152781, -99.98374123036882, -108.20549777276455, -2.1668958862014587], "('0', '2', '1011')": [2.836495648306471, -81.63265306122449, -92.12827988338192, -92.12827988338192], "('0', '2', '1100')": [-138.19241982507288, -98.55417385613137, 3.6483498497088034, 0.8450495698017915], "('0', '2', '1101')": [-108.2542138054722, -92.12827988338192, 4.068997315178576, -110.20408163265306], "('0', '2', '1110')": [-81.63265306122449, -81.63265306122449, -57.14285714285714, 0.7155293426015437], "('0', '2', '1111')": [-110.20408163265306, -120.69970845481049, -99.999294779374, -110.20408163265306], "('0', '3', '0000')": [0, 0, 0, 0], "('0', '3', '0001')": [3.852446630818398, -1.6113394175275828, 1.1483385268174104, -149.82928291887265], "('0', '3', '0010')": [1.2570665294542338, 1.9970027412179168, -150.0, 2.823600174951106], "('0', '3', '0011')": [-0.23073375048274083, 0, 0, 0], "('0', '3', '0100')": [-149.99999999999844, 0.6061473524374953, -11.34345740024103, 2.814448052175835], "('0', '3', '0101')": [-85.71428571428571, 1.181051064874681, -68.05824185667295, -81.63265306122449], "('0', '3', '0110')": [-57.14285714285714, 3.5022445141701746, -110.20408163265306, -56.28237889161167], "('0', '3', '0111')": [-57.14285714285714, -0.47931794067730993, -110.20408163265306, -57.14285714285714], "('0', '3', '1000')": [1.679458409434412, -150.0, -56.82777357479553, 2.804710153779764], "('0', '3', '1001')": [3.0292017289806017, -120.69970845481049, 0.06364688592119608, -104.62817363513503], "('0', '3', '1010')": [2.7904998756550743, -101.45294938272764, -149.9674823218417, 2.8072634456684087], "('0', '3', '1011')": [2.9615201893501473, 0, 0, 0], "('0', '3', '1100')": [-144.9396084964598, -92.12827988338192, -56.780598033429776, 3.1788680435261005], "('0', '3', '1101')": [-85.71428571428571, -57.14285714285714, -1.9897471303521224, -57.14285714285714], "('0', '3', '1110')": [-81.63265306122449, -85.71428571428571, -57.14285714285714, 2.9306728069427086], "('0', '3', '1111')": [-127.95178879548487, -122.44897959183673, -98.87546855476884, -120.69970845481049], "('0', '-1', '0000')": [0, 0, 0, 0], "('0', '-1', '0001')": [6.1108336779484365, -1.0644810121924368, -23.846144169902914, -149.9865616291824], "('0', '-1', '0010')": [2.8751556413442967, -1.5696287148675996, -149.99753172780902, -0.7443342509133772], "('0', '-1', '0011')": [5.682344359916941, -2.7646684532277197, 0, -81.63265306122449], "('0', '-1', '0100')": [-149.07054033608446, -0.342015945431302, -0.10184545961253622, -57.89834957147952], "('0', '-1', '0101')": [-114.11911703456893, -1.9733336387577425, -22.631557306076626, -138.19241982507288], "('0', '-1', '0110')": [-57.14285714285714, -2.7284476720817787, -122.44897959183673, 0.7289631222335868], "('0', '-1', '0111')": [-81.63265306122449, -0.6475834692675545, -57.14285714285714, -85.71428571428571], "('0', '-1', '1000')": [3.555846443753107, -150.0, 1.0525826362968376, 2.2515768440508768], "('0', '-1', '1001')": [7.283646782827555, -146.40838426165968, 1.4765483996528692, -100.15613580360098], "('0', '-1', '1010')": [2.870843902377122, -128.08948652347237, -109.62099125364432, -0.8129903522032613], "('0', '-1', '1011')": [3.025263438774111, -57.14285714285714, -57.14285714285714, -57.14285714285714], "('0', '-1', '1100')": [-110.20408163265306, -81.63265306122449, -57.29548444977653, -0.9714907918877917], "('0', '-1', '1101')": [-85.71428571428571, -93.87755102040816, 0.8077380703202912, -85.71428571428571], "('0', '-1', '1110')": [-57.14285714285714, -85.71428571428571, -85.71428571428571, -2.1226188492263334], "('0', '-1', '1111')": [-85.71428571428571, -81.63265306122449, -57.14285714285714, -57.14285714285714], "('1', '2', '0000')": [0, 0, 0, 0], "('1', '2', '0001')": [-1.722159464349077, 2.5432425112739034, 3.3868247499836155, -150.0], "('1', '2', '0010')": [-1.8370693965295297, 0.7482327120226848, -149.99999999941275, -2.657331177248775], "('1', '2', '0011')": [-2.793253657094753, -18.879876956767824, -138.19241982507288, -96.62640566430653], "('1', '2', '0100')": [-150.0, 2.8025436776605632, 2.902686087751391, 0.276110514195736], "('1', '2', '0101')": [-141.1256762714368, 2.7853740593520167, 0.8934417033762109, -108.95570051827673], "('1', '2', '0110')": [-100.00328408322875, -22.469969747967202, -149.81992216381417, -2.7998362026434327], "('1', '2', '0111')": [-106.87723652559734, 2.7583939611696997, -131.57782896582205, -101.87421907538526], "('1', '2', '1000')": [0.9500129213032575, -150.0, 3.2153153539579797, -56.83449447025446], "('1', '2', '1001')": [-2.6264820403778333, -147.7484688373467, -8.810585139642395, -100.21328613607685], "('1', '2', '1010')": [-25.540678029409836, -133.33729993455108, -137.17972224886861, -2.694193780758584], "('1', '2', '1011')": [-2.373105168763146, -122.44897959183673, -85.71428571428571, -93.87755102040816], "('1', '2', '1100')": [-99.73444009602413, -149.6016601440362, 2.821179049008765, -57.4660563999788], "('1', '2', '1101')": [-92.12827988338192, -142.6905456059975, 2.814764329026946, -98.55417385613137], "('1', '2', '1110')": [-104.3731778425656, -57.14285714285714, -132.94460641399417, -2.75637995602899], "('1', '2', '1111')": [-100.87536412792046, -128.57612133584107, -132.94460641399417, -128.3058686674527], "('1', '3', '0000')": [0, 0, 0, 0], "('1', '3', '0001')": [-58.3425786952948, 4.2346069172532985, -57.73629312885588, -149.99424069822103], "('1', '3', '0010')": [0.5360765320363313, -22.873022108393386, -150.0, 1.7898417123644341], "('1', '3', '0011')": [-0.7096577203063299, 2.8793265140206463, 0, 0], "('1', '3', '0100')": [-150.0, 2.911296706739797, -58.00369438771124, 1.124419405557056], "('1', '3', '0101')": [-103.62817324507014, 2.82187897416696, -81.46695755963532, -146.69774038452886], "('1', '3', '0110')": [-100.50290397639733, -22.382233089898897, -121.42421776152281, 2.0393438643866952], "('1', '3', '0111')": [-57.14285714285714, 2.4108197374263964, -122.44897959183673, -85.71428571428571], "('1', '3', '1000')": [-1.889808313076794, -150.0, -4.673305331123771, -56.12472386769025], "('1', '3', '1001')": [-1.145598778286245, -116.36817992503123, -57.43015073040567, -99.51805795204379], "('1', '3', '1010')": [-0.878357295442963, -144.61831379782234, -138.19241982507288, 2.8098385341750705], "('1', '3', '1011')": [-0.5265073150889602, -85.71428571428571, -57.14285714285714, -85.71428571428571], "('1', '3', '1100')": [-99.73444009602413, -138.19241982507288, -6.6735365747232915, 2.3120026874708817], "('1', '3', '1101')": [-85.71428571428571, -81.63265306122449, 0.7909667396537077, -93.87755102040816], "('1', '3', '1110')": [-57.14285714285714, -97.37609329446065, -81.63265306122449, 2.784368326558603], "('1', '3', '1111')": [-92.12827988338192, -92.12827988338192, -93.87755102040816, -92.12827988338192], "('1', '-1', '0000')": [0, 0, 0, 0], "('1', '-1', '0001')": [-58.073606046309784, 3.4946211619988445, -1.0327131671797116, -149.99424069822103],