{"('0', '2', '0000')": [0, 0, 0, 0], "('0', '2', '0001')": [2.7967602365228412, -1.3114879979041247, 2.813740933946793, -149.99999999680284], "('0', '2', '0010')": [-8.638580548826434, -2.6995694947413456, -149.92683553665972, -2.7330246914875773], "('0', '2', '0011')": [-6.9062862010977195, -2.711962515074948, -85.71428571428571, -93.87755102040816], "('0', '2', '0100')": [-149.99424069822103, -2.6481536293914747, -7.920638988234423, -2.735017479917519], "('0', '2', '0101')": [-149.46574027092902, -2.663052801213853, -55.94155324750994, -103.34121061346511], "('0', '2', '0110')": [-97.37609329446065, -2.7023844954650227, -114.11911703456893, -58.03065160714231], "('0', '2', '0111')": [-85.71428571428571, 1.588393670796966, -57.14285714285714, -57.14285714285714], "('0', '2', '1000')": [1.7730964041652173, -149.99999999680284, -7.963833498050644, -1.3120963592074302], "('0', '2', '1001')": [-55.865977251986976, -108.53498914093826, 2.8045079311415497, -148.54985825678483], "('0', '2', '1010')": [2.798551716577106, -107.01493425358481, -110.20408163265306, 0.0034161713992023066], "('0', '2', '1011')": [2.80552151331935, -85.71428571428571, -57.14285714285714, -57.14285714285714], "('0', '2', '1100')": [-138.19241982507288, -81.63265306122449, 2.8042927991137763, -1.4459314224595563], "('0', '2', '1101')": [-85.71428571428571, -57.14285714285714, 2.804268225747536, -81.63265306122449], "('0', '2', '1110')": [-85.71428571428571, -57.14285714285714, -57.14285714285714, -0.4845945920152608], "('0', '2', '1111')": [-81.63265306122449, -81.63265306122449, -81.63265306122449, -57.14285714285714], "('0', '3', '0000')": [0, 0, 0, 0], "('0', '3', '0001')": [2.8176769595203646, -58.17441485956601, -64.26771144603228, -85.71428571428571], "('0', '3', '0010')": [2.8052401533535125, -1.166004269702602, -149.99753172780902, 2.986746480653615], "('0', '3', '0011')": [2.866321394184624, 0, 0, 0], "('0', '3', '0100')": [-149.9998057045214, -2.382523581224805, -56.709848728596214, -24.032351645685228], "('0', '3', '0101')": [-122.44897959183673, -0.5009725554061824, -58.100180447038696, -110.20408163265306], "('0', '3', '0110')": [-122.44897959183673, -2.597721611105766, -85.71428571428571, -55.891003390167505], "('0', '3', '0111')": [-57.14285714285714, -1.0325484338241477, -85.71428571428571, -57.14285714285714], "('0', '3', '1000')": [3.200734629128962, -149.99996431307534, 0.8113504353589698, 2.7438430487984276], "('0', '3', '1001')": [2.8000000000000016, -110.20408163265306, 1.3970385812470054, -120.69970845481049], "('0', '3', '1010')": [2.8004683962628683, -129.49737553820157, -101.87421907538526, 2.415823039785076], "('0', '3', '1011')": [2.8131060841491964, 0, 0, 0], "('0', '3', '1100')": [-122.44897959183673, -57.14285714285714, -56.788550619543976, 2.8004227423769876], "('0', '3', '1101')": [-110.20408163265306, -85.71428571428571, -0.028754567973721876, -85.71428571428571], "('0', '3', '1110')": [-57.14285714285714, -85.71428571428571, -110.20408163265306, 2.3272380519097564], "('0', '3', '1111')": [-81.63265306122449, -85.71428571428571, -81.63265306122449, -110.20408163265306], "('0', '-1', '0000')": [0, 0, 0, 0], "('0', '-1', '0001')": [3.362754214070666, -2.134900058965017, -24.433640387428937, -144.9396084964598], "('0', '-1', '0010')": [8.983821533746205, -0.1502355551720554, -138.19241982507288, -0.7936196441632308], "('0', '-1', '0011')": [6.390137382865749, -1.5190691450927591, -85.71428571428571, -57.14285714285714], "('0', '-1', '0100')": [-85.71428571428571, -2.4081614232255726, -2.195728530181977, -1.3542072165289647], "('0', '-1', '0101')": [-57.14285714285714, -2.0604968619247317, -2.799582810459101, -138.19241982507288], "('0', '-1', '0110')": [-57.14285714285714, -1.871869914333627, -57.14285714285714, -2.6128051745560406], "('0', '-1', '0111')": [-57.14285714285714, -1.867508616569631, -57.14285714285714, 0], "('0', '-1', '1000')": [3.517489836122173, -150.0, 0.8033686628664509, 0.7991769712999466], "('0', '-1', '1001')": [2.937429700459159, -122.44897959183673, -56.7878531550126, -125.19783423573512], "('0', '-1', '1010')": [-55.93712340327553, -57.14285714285714, -81.63265306122449, -2.798617115696591], "('0', '-1', '1011')": [4.609373413323251, -57.14285714285714, -85.71428571428571, -85.71428571428571], "('0', '-1', '1100')": [-85.71428571428571, -57.14285714285714, -56.758143948149254, -0.39176140525438863], "('0', '-1', '1101')": [-57.14285714285714, -57.14285714285714, 1.0310412926883012, -85.71428571428571], "('0', '-1', '1110')": [-57.14285714285714, -57.14285714285714, -57.14285714285714, 0.2514314054930403], "('0', '-1', '1111')": [0, 0, 0, 0], "('1', '2', '0000')": [0, 0, 0, 0], "('1', '2', '0001')": [0.8924146490882392, -0.7769423467399368, 3.063733745337127, -149.99999999999994], "('1', '2', '0010')": [-2.6116111115111194, 3.2772789984207895, -149.9865616291824, -0.7793013604071652], "('1', '2', '0011')": [-0.8772953183985177, 2.8724736089579634, -122.44897959183673, -98.55417385613137], "('1', '2', '0100')": [-149.99999719082518, 2.8015943510123753, 3.4521559014104293, -1.1935696180990027], "('1', '2', '0101')": [-100.7224137117442, -0.7986171156965913, 4.211248343311459, -112.73440750979734], "('1', '2', '0110')": [-99.99999854339083, -55.95719711454394, -149.5866261670129, 1.5032797357448455], "('1', '2', '0111')": [-96.62640566430653, 4.39036516037259, -85.71428571428571, -57.14285714285714], "('1', '2', '1000')": [0.9882632582284363, -149.99894216906102, 2.9716782319041775, -9.844461460220902], "('1', '2', '1001')": [0.8088112502772127, -129.24212871406627, 3.78316624523657, -104.3731778425656], "('1', '2', '1010')": [-0.9756121486199096, -98.87546855476884, -148.657447152122, -0.7657396652874607], "('1', '2', '1011')": [-0.5499610250034921, -57.14285714285714, -57.14285714285714, -110.20408163265306], "('1', '2', '1100')": [-96.62640566430653, -85.71428571428571, 2.81700614708516, -2.620786253039925], "('1', '2', '1101')": [-57.14285714285714, -85.71428571428571, 2.826452357906576, -57.14285714285714], "('1', '2', '1110')": [-81.63265306122449, -98.87546855476884, -57.14285714285714, -2.689879056176429], "('1', '2', '1111')": [-109.62099125364432, -128.3058686674527, -122.44897959183673, -122.44897959183673], "('1', '3', '0000')": [0, 0, 0, 0], "('1', '3', '0001')": [-0.474160263213806, 2.8034782849595627, -65.87931687803, -149.6016601440362], "('1', '3', '0010')": [-1.3095398650051164, -55.94144701395422, -149.99999719082518, 2.816355734966912], "('1', '3', '0011')": [-0.8163265306122449, 1.0035616763701154, 0, 0], "('1', '3', '0100')": [-150.0, 2.8440386169016003, 0.8532156336864831, 0.9015179278636998], "('1', '3', '0101')": [-119.25983221276849, 2.8086393410337944, 0.8315772405502629, -128.08948652347237], "('1', '3', '0110')": [-99.91148003200804, -55.94180849069296, -149.4246202080523, 2.107184517580719], "('1', '3', '0111')": [-57.14285714285714, 2.9569800456335846, 0, 0], "('1', '3', '1000')": [-0.5151641567477444, -149.99991673050917, -23.872927441407768, -55.88627716072373], "('1', '3', '1001')": [-2.457128839138398, -85.71428571428571, -26.147788286068792, -57.14285714285714], "('1', '3', '1010')": [-0.9175674872717964, -57.14285714285714, -122.44897959183673, 2.8456954512055557], "('1', '3', '1011')": [-1.5482832358183258, -57.14285714285714, -57.14285714285714, -85.71428571428571], "('1', '3', '1100')": [-57.14285714285714, -138.19241982507288, -23.876815041856872, 2.350483463235894], "('1', '3', '1101')": [-81.63265306122449, -92.12827988338192, -0.5153037165051024, -122.44897959183673], "('1', '3', '1110')": [-57.14285714285714, -57.14285714285714, -85.71428571428571, 1.5441848017921613], "('1', '3', '1111')": [-57.14285714285714, -85.71428571428571, -57.14285714285714, -85.71428571428571], "('1', '-1', '0000')": [0, 0, 0, 0], "('1', '-1', '0001')": [-1.554425065752696, 3.64248678839585, -81.48548693400834, -149.9686438014256],