{"('0', '2', '0000')": [0, 0, 0, 0], "('0', '2', '0001')": [-55.73822312520748, -2.1076399476048713, 2.8047188131389706, -149.92683553665972], "('0', '2', '0010')": [-7.63207534159724, 0.8009328752190545, -138.19241982507288, -1.3094585375333203], "('0', '2', '0011')": [2.465063407249043, -1.8025425424021364, -85.71428571428571, -85.71428571428571], "('0', '2', '0100')": [-138.19241982507288, 0.878830969192246, 2.8015025228396286, -57.58883475004645], "('0', '2', '0101')": [-113.04813470577736, 0.3447087795561585, 2.802536337896194, -81.63265306122449], "('0', '2', '0110')": [-85.71428571428571, -57.62574757673075, -57.14285714285714, -1.2486597286520025], "('0', '2', '0111')": [-85.71428571428571, -1.9912896925846155, -57.14285714285714, -57.14285714285714], "('0', '2', '1000')": [2.0834238422696, -149.99996431307534, 3.123222281174593, 0.801399354485975], "('0', '2', '1001')": [2.8166848927115584, -127.95178879548487, -54.9869476779935, -122.44897959183673], "('0', '2', '1010')": [-55.678712742403874, -122.44897959183673, -110.20408163265306, -2.377646881708287], "('0', '2', '1011')": [2.796533305839859, 0, 0, 0], "('0', '2', '1100')": [-122.44897959183673, -81.63265306122449, 2.8106788411446293, -1.1593951905631132], "('0', '2', '1101')": [-85.71428571428571, -57.14285714285714, 2.8259981935414804, 0], "('0', '2', '1110')": [-85.71428571428571, -57.14285714285714, -57.14285714285714, -1.1339724289129127], "('0', '2', '1111')": [-81.63265306122449, -57.14285714285714, -57.14285714285714, -57.14285714285714], "('0', '3', '0000')": [0, 0, 0, 0], "('0', '3', '0001')": [-55.78218892750024, -2.772399627277249, -57.14285714285714, -85.71428571428571], "('0', '3', '0010')": [2.6614918317903378, 0.8987546343301609, -147.83126078419707, 2.8033832481508663], "('0', '3', '0011')": [2.854700135924085, 0, 0, 0], "('0', '3', '0100')": [-85.71428571428571, -2.7570778890334795, -2.8959774664534166, -55.85964559249288], "('0', '3', '0101')": [-85.71428571428571, -57.52200351672962, -2.559145365689285, -57.14285714285714], "('0', '3', '0110')": [-85.71428571428571, -0.5582050609121388, -85.71428571428571, 1.868253327239477], "('0', '3', '0111')": [-57.14285714285714, -1.187653942014788, -85.71428571428571, 0], "('0', '3', '1000')": [2.8534144617794164, -149.82928291887265, 1.0266970890799278, 2.883089217922037], "('0', '3', '1001')": [2.805562022211342, 0, 0, -81.63265306122449], "('0', '3', '1010')": [3.3220851287608726, -85.71428571428571, -57.14285714285714, 3.5293862678579906], "('0', '3', '1011')": [3.332488408725591, 0, 0, 0], "('0', '3', '1100')": [-85.71428571428571, -57.14285714285714, -0.033670490950871795, 2.8102161506405006], "('0', '3', '1101')": [-57.14285714285714, -85.71428571428571, -0.2919061148364036, -85.71428571428571], "('0', '3', '1110')": [-57.14285714285714, -85.71428571428571, -57.14285714285714, 2.805435010744617], "('0', '3', '1111')": [-57.14285714285714, -85.71428571428571, 0, 0], "('0', '-1', '0000')": [0, 0, 0, 0], "('0', '-1', '0001')": [2.9928213129284074, -1.7586539126159966, 0.8855480454501019, -122.44897959183673], "('0', '-1', '0010')": [3.878711382703134, -0.1502355551720554, -122.44897959183673, 1.2610064555318545], "('0', '-1', '0011')": [2.8679074321483062, 0, 0, 0], "('0', '-1', '0100')": [-85.71428571428571, -1.227781458864052, -1.9542133250372284, -1.2824393485595764], "('0', '-1', '0101')": [-57.14285714285714, -1.0942094258779518, -1.817490314850208, -85.71428571428571], "('0', '-1', '0110')": [-57.14285714285714, -1.789288080698319, -57.14285714285714, -1.3569157667804266], "('0', '-1', '0111')": [-57.14285714285714, 0, 0, 0], "('0', '-1', '1000')": [3.408392138999175, -149.99999999999972, -2.7822499849042246, -0.06667383896719342], "('0', '-1', '1001')": [2.905677944113351, -122.44897959183673, 0.8063174394167274, -81.63265306122449], "('0', '-1', '1010')": [2.814441653593864, -57.14285714285714, -57.14285714285714, -1.949945039996115], "('0', '-1', '1011')": [2.831583824707221, 0, 0, 0], "('0', '-1', '1100')": [-85.71428571428571, -57.14285714285714, 0.7764552270590624, -2.507037543526918], "('0', '-1', '1101')": [-57.14285714285714, -57.14285714285714, -0.6533707621575638, 0], "('0', '-1', '1110')": [-57.14285714285714, -57.14285714285714, -57.14285714285714, -1.8018213542448576], "('0', '-1', '1111')": [0, 0, 0, 0], "('1', '2', '0000')": [0, 0, 0, 0], "('1', '2', '0001')": [0.6918867823354864, 2.5148631875882863, 1.3965452848243916, -149.99424069822103], "('1', '2', '0010')": [0.220044598264182, -8.451242209359535, -149.6016601440362, -0.9836537582343035], "('1', '2', '0011')": [-0.8772953183985177, 2.8079646385550294, -85.71428571428571, -92.12827988338192], "('1', '2', '0100')": [-147.83126078419707, 1.5302451546906397, 2.2356765096774467, -1.934816313162707], "('1', '2', '0101')": [-119.65325429273274, 2.5223479676367297, 1.5154498282178825, -128.77556645679778], "('1', '2', '0110')": [-97.37609329446065, 2.641625683746105, -110.20408163265306, 0.7832255304237732], "('1', '2', '0111')": [-57.14285714285714, 2.7371632901708294, 0, -57.14285714285714], "('1', '2', '1000')": [0.3355025010152087, -149.6016601440362, 1.9035014871320777, -2.1447619538991587], "('1', '2', '1001')": [0.7534951028777765, -122.44897959183673, 2.6129098127031143, -110.20408163265306], "('1', '2', '1010')": [-2.5486331526282764, -85.71428571428571, -132.94460641399417, -1.0158816903999195], "('1', '2', '1011')": [0.5464380659370696, -57.14285714285714, -57.14285714285714, -57.14285714285714], "('1', '2', '1100')": [-96.62640566430653, -85.71428571428571, 0.8332113599928859, -0.32815914806364366], "('1', '2', '1101')": [-57.14285714285714, -85.71428571428571, 3.1210740431958204, -57.14285714285714], "('1', '2', '1110')": [-57.14285714285714, -93.87755102040816, -57.14285714285714, 0.6981848059500754], "('1', '2', '1111')": [-85.71428571428571, -92.12827988338192, -85.71428571428571, -85.71428571428571], "('1', '3', '0000')": [0, 0, 0, 0], "('1', '3', '0001')": [-1.3543563605918383, 2.950535666360425, -65.87931687803, -138.19241982507288], "('1', '3', '0010')": [0.7245201898694242, 3.3054395472911633, -149.9995466438833, 2.100466844408822], "('1', '3', '0011')": [0, 0, 0, 0], "('1', '3', '0100')": [-149.99999990522983, 3.093922142903743, 1.9557524742913732, -55.721536807843435], "('1', '3', '0101')": [-144.9396084964598, -55.74748183069491, 0.7877186795949898, -93.87755102040816], "('1', '3', '0110')": [-97.37609329446065, -55.94109634245761, -57.14285714285714, 3.288813215487915], "('1', '3', '0111')": [-57.14285714285714, 0.356786972194164, 0, 0], "('1', '3', '1000')": [-1.1799370103178723, -149.07054033608446, -10.044515696247595, 1.2481542846210576], "('1', '3', '1001')": [-0.5453764371497938, -85.71428571428571, -26.147788286068792, -57.14285714285714], "('1', '3', '1010')": [-0.2947450425176997, -57.14285714285714, -122.44897959183673, 0.15639175991283844], "('1', '3', '1011')": [0, 0, 0, 0], "('1', '3', '1100')": [-57.14285714285714, -122.44897959183673, -56.78953802070737, 2.8074081007740017], "('1', '3', '1101')": [-81.63265306122449, -81.63265306122449, -0.5600317275665792, -85.71428571428571], "('1', '3', '1110')": [-57.14285714285714, -57.14285714285714, -85.71428571428571, 2.800122945428824], "('1', '3', '1111')": [-57.14285714285714, 0, 0, 0], "('1', '-1', '0000')": [0, 0, 0, 0], "('1', '-1', '0001')": [-0.7945862449474773, -55.50690840438733, 0.8868949674710445, -144.9396084964598], "('1', '-1', '0010')": [-2.799999976188186, -21.692555682227738, -85.71428571428571, -0.8634414787685473], "('1', '-1', '0011')": [-0.9212827988338192, 3.8878585155804224, 0, 0], "('1', '-1', '0100')": [-149.9999997788696, 7.210925378113503, 0.8281658056017879, -1.503672262251793], "('1', '-1', '0101')": [-127.44689712619741, 5.378607257128097, -16.608980715754676, -97.37609329446065], "('1', '-1', '0110')": [-57.14285714285714, 3.372831521126784, -81.63265306122449, -1.6425364621869811],