{"('0', '2', '0000')": [0, 0, 0, 0], "('0', '2', '0001')": [3.0539916515183436, -0.02858704934416006, 1.703914419483434, -150.0], "('0', '2', '0010')": [-3.386418530687405, -0.690015492451052, -149.9999847056037, -2.4555403228135004], "('0', '2', '0011')": [-55.93890861134471, -1.738538775898637, -138.19241982507288, -57.14285714285714], "('0', '2', '0100')": [-149.9999999999538, -1.2550030395542202, 1.8335315481123113, -58.300750758370064], "('0', '2', '0101')": [-144.75173323280458, 0.1786248327459617, -55.948690238652944, -100.41435810349799], "('0', '2', '0110')": [-132.94460641399417, -1.9264116256127135, -144.9396084964598, -2.750314752891454], "('0', '2', '0111')": [-110.20408163265306, -1.226028486963311, -109.62099125364432, -93.87755102040816], "('0', '2', '1000')": [3.4146021763054133, -150.0, 2.4399797367036467, -2.4555403309958344], "('0', '2', '1001')": [3.1950999649342267, -128.58173924255206, -0.5017854565978548, -132.22014291103338], "('0', '2', '1010')": [3.195099777069215, -105.2472649061474, -113.75203020316084, 0.8021173724717827], "('0', '2', '1011')": [2.894947940533943, -81.63265306122449, -92.12827988338192, -92.12827988338192], "('0', '2', '1100')": [-138.19241982507288, -98.55417385613137, 1.5138711382512422, -2.570980493431895], "('0', '2', '1101')": [-108.2542138054722, -92.12827988338192, 1.4770452447247888, -110.20408163265306], "('0', '2', '1110')": [-81.63265306122449, -81.63265306122449, -57.14285714285714, 1.0539914965373591], "('0', '2', '1111')": [-101.87421907538526, -120.69970845481049, -128.57112633401744, -110.20408163265306], "('0', '3', '0000')": [0, 0, 0, 0], "('0', '3', '0001')": [-81.2451969157325, -0.37787278449342665, -3.602235211588627, -149.9686438014256], "('0', '3', '0010')": [-56.11526277155966, -2.361995549067575, -150.0, 1.3871795081396292], "('0', '3', '0011')": [-0.23073375048274083, -0.10865229025135942, -85.71428571428571, -85.71428571428571], "('0', '3', '0100')": [-150.0, -1.1398710106201284, -1.5810837821458796, 1.2801673073705733], "('0', '3', '0101')": [-85.71428571428571, -0.7009184195765721, -68.05824185667295, -81.63265306122449], "('0', '3', '0110')": [-57.14285714285714, -0.27214911443204926, -110.20408163265306, -56.28237889161167], "('0', '3', '0111')": [-57.14285714285714, -1.9747874137718346, -110.20408163265306, -57.14285714285714], "('0', '3', '1000')": [1.688916329514711, -150.0, -1.8354673860313633, -0.3141407792289181], "('0', '3', '1001')": [-55.982875863741036, -120.69970845481049, -56.96815389174094, -104.62817363513503], "('0', '3', '1010')": [2.5772515059594667, -100.11437210884445, -144.7519850964532, 2.9076962084032107], "('0', '3', '1011')": [1.9031218251184212, -57.14285714285714, -85.71428571428571, -57.14285714285714], "('0', '3', '1100')": [-147.83126078419707, -99.3803602240563, -56.780598033429776, 2.0667743835226773], "('0', '3', '1101')": [-85.71428571428571, -57.14285714285714, 0.7904964094949805, -57.14285714285714], "('0', '3', '1110')": [-92.12827988338192, -85.71428571428571, -57.14285714285714, 2.848242566988106], "('0', '3', '1111')": [-127.95178879548487, -122.44897959183673, -128.08948652347237, -101.6294231145186], "('0', '-1', '0000')": [0, 0, 0, 0], "('0', '-1', '0001')": [-52.464562361519356, -2.3358864130380432, -23.846144169902914, -149.99424069822103], "('0', '-1', '0010')": [-4.485922792743448, -1.8927799026768204, -149.99894216906102, -2.7820486486354836], "('0', '-1', '0011')": [11.80009793650268, -2.7646684532277197, -85.71428571428571, -81.63265306122449], "('0', '-1', '0100')": [-149.6016601440362, -2.686690249243533, -1.3882655552181722, -2.6639799486426092], "('0', '-1', '0101')": [-114.11911703456893, -1.6495580228672013, -22.631557306076626, -144.9396084964598], "('0', '-1', '0110')": [-57.14285714285714, -2.7284476720817787, -138.19241982507288, -1.4179870637587717], "('0', '-1', '0111')": [-81.63265306122449, -2.168418898040383, -57.14285714285714, -85.71428571428571], "('0', '-1', '1000')": [3.442166004740744, -150.0, -2.3807403854468303, -1.8032322365132463], "('0', '-1', '1001')": [-55.934610895334636, -149.71727806141342, 0.7409045680660198, -100.00096747954359], "('0', '-1', '1010')": [9.833022076888762, -105.15929344308677, -132.69471053727614, 0.786576866124838], "('0', '-1', '1011')": [2.842028765077938, -57.14285714285714, -57.14285714285714, -57.14285714285714], "('0', '-1', '1100')": [-110.20408163265306, -81.63265306122449, -57.29548444977653, -0.32243487535377413], "('0', '-1', '1101')": [-85.71428571428571, -93.87755102040816, 0.7993551033316592, -85.71428571428571], "('0', '-1', '1110')": [-57.14285714285714, -85.71428571428571, -85.71428571428571, 1.1498511852098057], "('0', '-1', '1111')": [-85.71428571428571, -81.63265306122449, -57.14285714285714, -57.14285714285714], "('1', '2', '0000')": [0, 0, 0, 0], "('1', '2', '0001')": [1.0749822944443033, 2.760096549494632, 3.6049315680423293, -150.0], "('1', '2', '0010')": [-0.48441346282850334, 7.502283244335882, -149.99999999974833, 0.8018976340564667], "('1', '2', '0011')": [-2.3104031261173072, -0.10251482272424128, -149.07054033608446, -96.62640566430653], "('1', '2', '0100')": [-150.0, 4.7391156572868915, 2.801539053510428, 1.2556283195994467], "('1', '2', '0101')": [-149.9764333544279, 4.046574530801308, -3.835600787098951, -106.34118136645095], "('1', '2', '0110')": [-100.00328408322875, -56.29990089842344, -137.7409268175597, -0.41063175041401856], "('1', '2', '0111')": [-106.87723652559734, 0.7359805937165581, -131.57782896582205, -101.87421907538526], "('1', '2', '1000')": [0.805909777248887, -150.0, 2.047471959903594, -25.76289645118516], "('1', '2', '1001')": [0.7827437347110788, -147.7484688373467, -55.9156911671855, -100.21328613607685], "('1', '2', '1010')": [-0.842661502281542, -142.8588428290933, -115.93416667808654, -57.08188787467005], "('1', '2', '1011')": [-1.1731700456828669, -122.44897959183673, -85.71428571428571, -93.87755102040816], "('1', '2', '1100')": [-99.88618861258178, -149.6016601440362, 3.040752042553719, -57.4660563999788], "('1', '2', '1101')": [-92.12827988338192, -142.6905456059975, 2.8140608763016894, -98.55417385613137], "('1', '2', '1110')": [-104.3731778425656, -81.63265306122449, -132.94460641399417, -1.7016487950325352], "('1', '2', '1111')": [-128.94658462625162, -102.24943229174258, -132.94460641399417, -130.79958732950794], "('1', '3', '0000')": [0, 0, 0, 0], "('1', '3', '0001')": [-1.2039085540516583, 2.7103921765745285, -62.824693529558154, -149.99753172780902], "('1', '3', '0010')": [0.4943337328671096, 1.5072981012179207, -150.0, 3.4575011940436937], "('1', '3', '0011')": [-0.7096577203063299, 2.8793265140206463, 0, 0], "('1', '3', '0100')": [-150.0, 2.7713286913858264, -57.40366281219968, -55.9240066117978], "('1', '3', '0101')": [-103.62817324507014, 2.8067968519608995, -81.46695755963532, -148.5847458790838], "('1', '3', '0110')": [-100.0072711171693, -55.944591685895055, -147.7505944010528, 4.436175951045017], "('1', '3', '0111')": [-57.14285714285714, 2.782295765823263, -122.44897959183673, -85.71428571428571], "('1', '3', '1000')": [-2.6786156598889885, -150.0, -1.2259220543347789, 3.222646574169309], "('1', '3', '1001')": [-57.63382804783696, -107.01493425358481, -0.3307486926270673, -99.51805795204379], "('1', '3', '1010')": [-0.878357295442963, -144.61831379782234, -138.19241982507288, 2.8145182734346745], "('1', '3', '1011')": [-1.3235496732451928, -85.71428571428571, -57.14285714285714, -85.71428571428571], "('1', '3', '1100')": [-99.88618861258178, -144.9396084964598, 0.7979450664581396, 3.851827397021883], "('1', '3', '1101')": [-85.71428571428571, -81.63265306122449, 0.7899830495533551, -93.87755102040816], "('1', '3', '1110')": [-57.14285714285714, -97.37609329446065, -81.63265306122449, -0.3121093477232668], "('1', '3', '1111')": [-96.62640566430653, -96.62640566430653, -93.87755102040816, -92.12827988338192], "('1', '-1', '0000')": [0, 0, 0, 0],