{"('0', '2', '0000')": [0, 0, 0, 0], "('0', '2', '0001')": [2.9437039998096495, 0.9713898069690641, 3.1299872091634358, -150.0], "('0', '2', '0010')": [2.897491564996189, 0.08242052216117512, -149.99753172780902, -2.799999136533034], "('0', '2', '0011')": [-55.93890861134471, -2.7647528420834044, -122.44897959183673, -57.14285714285714], "('0', '2', '0100')": [-149.9999847056037, -0.8363743762996267, 3.0665779172381016, -1.5568298043224504], "('0', '2', '0101')": [-149.82928291887265, 0.6793300397669582, -9.819203607717895, -105.26388257406697], "('0', '2', '0110')": [-110.20408163265306, -1.237645791290221, -138.19241982507288, -0.8299242031735689], "('0', '2', '0111')": [-57.14285714285714, 0.6670654759660003, -109.62099125364432, -93.87755102040816], "('0', '2', '1000')": [2.951593463688524, -149.99999999999636, -55.847593637445165, -2.7999955246872927], "('0', '2', '1001')": [2.897491564996189, -109.0594371594855, -22.310133766322014, -146.4860293490182], "('0', '2', '1010')": [5.123202093533557, -99.96206287086059, -121.00494015318135, -56.768513971790725], "('0', '2', '1011')": [3.1122192203916192, -81.63265306122449, -92.12827988338192, -92.12827988338192], "('0', '2', '1100')": [-138.19241982507288, -96.62640566430653, 1.5239505908073245, 0.7256460552130952], "('0', '2', '1101')": [-119.25983221276849, -92.12827988338192, 2.9099221478017125, -110.20408163265306], "('0', '2', '1110')": [-81.63265306122449, -81.63265306122449, -57.14285714285714, 0.9917866416240015], "('0', '2', '1111')": [-110.20408163265306, -120.69970845481049, -98.55417385613137, -110.20408163265306], "('0', '3', '0000')": [0, 0, 0, 0], "('0', '3', '0001')": [2.8349965852032204, -2.486292128184955, -82.47087591269714, -149.82928291887265], "('0', '3', '0010')": [3.3981969675861157, 1.0232264653725958, -149.99999999989214, 4.545568164743758], "('0', '3', '0011')": [3.3385565398970156, 0, 0, 0], "('0', '3', '0100')": [-149.9999999593842, 0.8339088997756439, -57.57873707296934, 6.4831677482907395], "('0', '3', '0101')": [-85.71428571428571, -58.29842033649986, -11.35512100747576, -81.63265306122449], "('0', '3', '0110')": [-57.14285714285714, 0.8727453304385016, -57.14285714285714, -56.28237889161167], "('0', '3', '0111')": [-57.14285714285714, -1.7631830110646192, -110.20408163265306, -57.14285714285714], "('0', '3', '1000')": [2.8000759489308056, -150.0, 0.85568524094583, 3.890545547363083], "('0', '3', '1001')": [2.8430317814162183, -120.69970845481049, 0.08425137239326412, -104.62817363513503], "('0', '3', '1010')": [2.8669441588923323, -100.08597081201479, -149.99971523890173, 2.801913107709904], "('0', '3', '1011')": [2.86465445556411, 0, 0, 0], "('0', '3', '1100')": [-144.9396084964598, -92.12827988338192, -56.780598033429776, 3.704578002604329], "('0', '3', '1101')": [-85.71428571428571, -57.14285714285714, 1.670314958580167, -57.14285714285714], "('0', '3', '1110')": [-81.63265306122449, -85.71428571428571, -57.14285714285714, 2.9280413737215647], "('0', '3', '1111')": [-96.62640566430653, -122.44897959183673, -97.37609329446065, -120.69970845481049], "('0', '-1', '0000')": [0, 0, 0, 0], "('0', '-1', '0001')": [4.110201323191071, -2.4798063487461937, -56.50968025957017, -149.9686438014256], "('0', '-1', '0010')": [6.161000438525111, 0.691235188275036, -149.92683553665972, -2.7999959975888222], "('0', '-1', '0011')": [2.8218616405607064, -2.7646684532277197, 0, 0], "('0', '-1', '0100')": [-138.19241982507288, -2.0621240077033374, -3.447907786784728, 1.9463381404790592], "('0', '-1', '0101')": [-110.20408163265306, -2.138578740512445, -57.79911898216741, -122.44897959183673], "('0', '-1', '0110')": [-57.14285714285714, -2.7284476720817787, -122.44897959183673, 1.5235393248005042], "('0', '-1', '0111')": [-81.63265306122449, -2.1449037854447335, -57.14285714285714, -85.71428571428571], "('0', '-1', '1000')": [3.583139191637356, -150.0, 1.8651447093554836, 2.314655771514785], "('0', '-1', '1001')": [2.8340069950766758, -130.44564764681382, 0.8458119158227686, -104.62817363513503], "('0', '-1', '1010')": [3.093255861597278, -93.87755102040816, -85.71428571428571, -2.4319960349337393], "('0', '-1', '1011')": [3.030613089026312, -57.14285714285714, -57.14285714285714, -57.14285714285714], "('0', '-1', '1100')": [-110.20408163265306, -81.63265306122449, -57.29548444977653, 0.883731552768847], "('0', '-1', '1101')": [-85.71428571428571, -85.71428571428571, 0.8150298618851679, -85.71428571428571], "('0', '-1', '1110')": [-57.14285714285714, -85.71428571428571, -85.71428571428571, -2.6524407199263687], "('0', '-1', '1111')": [-85.71428571428571, -57.14285714285714, -57.14285714285714, 0], "('1', '2', '0000')": [0, 0, 0, 0], "('1', '2', '0001')": [-0.3827400191819075, 3.1383955281895144, 2.7929986638633997, -150.0], "('1', '2', '0010')": [-0.5719805996540057, 2.983322594639654, -149.9999847056037, 0.700508312152563], "('1', '2', '0011')": [-2.756556935745091, 3.5736964278204812, -122.44897959183673, -92.12827988338192], "('1', '2', '0100')": [-150.0, 3.0560617394947833, 3.062984267184666, 0.3843516855775456], "('1', '2', '0101')": [-149.99855130846717, -0.7952733619668013, 2.8013658437699336, -100.00421325502052], "('1', '2', '0110')": [-118.86670234551114, 3.062173172885286, -120.93830267568524, 0.8834103127538491], "('1', '2', '0111')": [-137.4427321949188, 2.807193147255276, -116.36817992503123, -101.87421907538526], "('1', '2', '1000')": [-0.5868521808220604, -149.9999999986298, -23.345197472053478, 0.8948027232065427], "('1', '2', '1001')": [-2.6917625821330398, -147.83126078419707, -55.9687306458203, -100.49766765084595], "('1', '2', '1010')": [-2.019536292369429, -111.12036651395252, -120.08601858069342, -4.657027259660827], "('1', '2', '1011')": [-2.730418802149995, -122.44897959183673, -85.71428571428571, -93.87755102040816], "('1', '2', '1100')": [-96.62640566430653, -147.83126078419707, -5.117833258733713, 0.8014527189250351], "('1', '2', '1101')": [-92.12827988338192, -142.6905456059975, 2.8008790186335246, -92.12827988338192], "('1', '2', '1110')": [-110.20408163265306, -57.14285714285714, -110.20408163265306, -2.297667318300781], "('1', '2', '1111')": [-125.9475218658892, -100.3245732159705, -132.94460641399417, -128.3058686674527], "('1', '3', '0000')": [0, 0, 0, 0], "('1', '3', '0001')": [-57.722234895727624, 2.8003066957104576, -73.98145708656807, -149.9686438014256], "('1', '3', '0010')": [0.880368561975178, 2.8000975785603948, -149.99999999999994, 2.8000000017671987], "('1', '3', '0011')": [-0.7096577203063299, 0, 0, 0], "('1', '3', '0100')": [-150.0, 2.800085594127985, -56.80649149735071, 2.800112111091451], "('1', '3', '0101')": [-101.87421907538526, 2.800000954793091, 0.7787985954554728, -118.7811686821453], "('1', '3', '0110')": [-106.38874310756626, 2.706753219241467, -149.97629670162416, 2.8001525837476526], "('1', '3', '0111')": [-57.14285714285714, 2.8083846288346352, -85.71428571428571, -85.71428571428571], "('1', '3', '1000')": [0.5807813181976512, -149.99999999999932, -10.253486394600726, 2.8001501475339055], "('1', '3', '1001')": [-56.98141210977077, -138.19241982507288, 0.7446419112084861, -93.87755102040816], "('1', '3', '1010')": [0.7969149058642765, -137.4427321949188, -122.44897959183673, 2.8418545667205866], "('1', '3', '1011')": [-0.5820075307255713, -85.71428571428571, -57.14285714285714, -85.71428571428571], "('1', '3', '1100')": [-98.55417385613137, -138.19241982507288, 0.8015566945319696, 2.934117252928065], "('1', '3', '1101')": [-85.71428571428571, -81.63265306122449, -58.128834756171635, -85.71428571428571], "('1', '3', '1110')": [-57.14285714285714, -97.37609329446065, -81.63265306122449, 2.9893095249813935], "('1', '3', '1111')": [-92.12827988338192, -81.63265306122449, -85.71428571428571, -81.63265306122449], "('1', '-1', '0000')": [0, 0, 0, 0], "('1', '-1', '0001')": [-1.291136256840064, -54.91304518631519, -56.9628297878331, -149.6016601440362],