{"('0', '2', '0000')": [0, 0, 0, 0], "('0', '2', '0001')": [4.433080197474532, -0.44420560400336395, 2.8664376319055385, -150.0], "('0', '2', '0010')": [2.8681967007742424, 0.08242052216117512, -149.99753172780902, -2.799999136533034], "('0', '2', '0011')": [-55.93890861134471, -2.6824630000091383, -122.44897959183673, -57.14285714285714], "('0', '2', '0100')": [-149.99999344525872, -0.8363743762996267, 3.8498372698051453, -1.5568298043224504], "('0', '2', '0101')": [-149.82928291887265, -0.25949636783013114, -9.819203607717895, -105.26388257406697], "('0', '2', '0110')": [-110.20408163265306, -0.7092024614173789, -138.19241982507288, -1.2679235042771735], "('0', '2', '0111')": [-110.20408163265306, -2.2643969833772024, -109.62099125364432, -93.87755102040816], "('0', '2', '1000')": [2.9060837567599327, -149.99999999999972, 3.9846117815227378, -2.641091236520385], "('0', '2', '1001')": [2.994725246669104, -109.0594371594855, -22.310133766322014, -119.92258400672208], "('0', '2', '1010')": [2.9711025824511896, -99.96206287086059, -121.00494015318135, -56.768513971790725], "('0', '2', '1011')": [2.801059143119882, -81.63265306122449, -92.12827988338192, -92.12827988338192], "('0', '2', '1100')": [-138.19241982507288, -96.62640566430653, 2.825115770637719, 0.7256460552130952], "('0', '2', '1101')": [-119.25983221276849, -92.12827988338192, 2.9251805344460147, -110.20408163265306], "('0', '2', '1110')": [-81.63265306122449, -81.63265306122449, -57.14285714285714, -1.795629437257999], "('0', '2', '1111')": [-110.20408163265306, -120.69970845481049, -98.55417385613137, -110.20408163265306], "('0', '3', '0000')": [0, 0, 0, 0], "('0', '3', '0001')": [-55.83123185248897, -2.613217020555914, -82.47087591269714, -149.82928291887265], "('0', '3', '0010')": [2.8000000000000123, -2.786365371865063, -149.99999999989214, 2.8000000000000016], "('0', '3', '0011')": [3.3385565398970156, 0, 0, 0], "('0', '3', '0100')": [-149.99999999989214, -2.7453888875543955, -2.800391699684546, -54.46011757865221], "('0', '3', '0101')": [-85.71428571428571, -58.29842033649986, -2.325834106413164, -81.63265306122449], "('0', '3', '0110')": [-57.14285714285714, -2.771413246381079, -57.14285714285714, -56.28237889161167], "('0', '3', '0111')": [-57.14285714285714, -1.3396366261698138, -110.20408163265306, -57.14285714285714], "('0', '3', '1000')": [2.800000000000008, -150.0, 0.8163757542826391, 2.800000000000008], "('0', '3', '1001')": [2.8254733970870314, -120.69970845481049, 0.8715141967661035, -104.62817363513503], "('0', '3', '1010')": [2.8896889590821893, -112.26068851649251, -149.99971523890173, 2.82712994286077], "('0', '3', '1011')": [3.0157052489194123, 0, 0, 0], "('0', '3', '1100')": [-144.9396084964598, -92.12827988338192, -56.780598033429776, 2.868849578195653], "('0', '3', '1101')": [-85.71428571428571, -57.14285714285714, 1.670314958580167, -57.14285714285714], "('0', '3', '1110')": [-81.63265306122449, -85.71428571428571, -57.14285714285714, 0.9807748499240767], "('0', '3', '1111')": [-96.62640566430653, -122.44897959183673, -97.37609329446065, -120.69970845481049], "('0', '-1', '0000')": [0, 0, 0, 0], "('0', '-1', '0001')": [4.7954835753213425, -0.307848685727696, -56.50968025957017, -149.9686438014256], "('0', '-1', '0010')": [4.035946782491722, 0.691235188275036, -149.9686438014256, -2.7999959975888222], "('0', '-1', '0011')": [11.800680878179168, -2.7646684532277197, 0, 0], "('0', '-1', '0100')": [-138.19241982507288, -2.0621240077033374, -2.6890282079842, -1.268306968875133], "('0', '-1', '0101')": [-110.20408163265306, -1.8249452708240175, -57.79911898216741, -138.19241982507288], "('0', '-1', '0110')": [-57.14285714285714, -2.7284476720817787, -122.44897959183673, -1.464059896802787], "('0', '-1', '0111')": [-81.63265306122449, -1.829974552590341, -57.14285714285714, -85.71428571428571], "('0', '-1', '1000')": [3.655346153949667, -150.0, -2.484813290698863, 1.4752398251911785], "('0', '-1', '1001')": [4.3316446772998525, -130.44564764681382, 0.8458119158227686, -104.62817363513503], "('0', '-1', '1010')": [11.801532065747711, -97.37609329446065, -85.71428571428571, 1.058870980210359], "('0', '-1', '1011')": [3.0009955005710696, -57.14285714285714, -57.14285714285714, -57.14285714285714], "('0', '-1', '1100')": [-110.20408163265306, -81.63265306122449, -57.29548444977653, 0.883731552768847], "('0', '-1', '1101')": [-85.71428571428571, -85.71428571428571, -1.548868796706992, -85.71428571428571], "('0', '-1', '1110')": [-57.14285714285714, -85.71428571428571, -85.71428571428571, -2.6524407199263687], "('0', '-1', '1111')": [-85.71428571428571, -57.14285714285714, -57.14285714285714, 0], "('1', '2', '0000')": [0, 0, 0, 0], "('1', '2', '0001')": [0.9372119689737539, 1.948147034971742, 2.8045374697553798, -150.0], "('1', '2', '0010')": [-0.5719805996540057, 2.929526798314246, -149.9999847056037, 0.36511968837384456], "('1', '2', '0011')": [-2.756556935745091, 2.7846060882501407, -122.44897959183673, -92.12827988338192], "('1', '2', '0100')": [-150.0, 3.085402551432578, 1.6723290808142641, 1.4325919511589045], "('1', '2', '0101')": [-149.99855130846717, 2.776053915122807, -55.94194939734136, -100.00421325502052], "('1', '2', '0110')": [-118.86670234551114, -55.749412613364264, -120.93830267568524, -0.7176675731735869], "('1', '2', '0111')": [-137.4427321949188, 1.1959633464967552, -116.36817992503123, -101.87421907538526], "('1', '2', '1000')": [-0.5868521808220604, -149.9999999986298, 2.8029169448427442, -0.04701418391355022], "('1', '2', '1001')": [-2.7460510352886742, -147.83126078419707, -55.9687306458203, -100.49766765084595], "('1', '2', '1010')": [-0.6352119379929183, -111.12036651395252, -120.08601858069342, -4.657027259660827], "('1', '2', '1011')": [-0.3601333103956075, -122.44897959183673, -85.71428571428571, -93.87755102040816], "('1', '2', '1100')": [-96.62640566430653, -147.83126078419707, 3.308217321948831, -57.4660563999788], "('1', '2', '1101')": [-92.12827988338192, -142.6905456059975, 2.7995861769861548, -96.62640566430653], "('1', '2', '1110')": [-110.20408163265306, -57.14285714285714, -110.20408163265306, -1.4083497280518875], "('1', '2', '1111')": [-125.9475218658892, -100.05961548864764, -132.94460641399417, -128.3058686674527], "('1', '3', '0000')": [0, 0, 0, 0], "('1', '3', '0001')": [0.8061534700711737, 2.6884043870471546, -73.98145708656807, -149.9686438014256], "('1', '3', '0010')": [-1.9269297790692073, 2.6112343149615165, -149.99999999999994, 2.7155292861811575], "('1', '3', '0011')": [-0.7096577203063299, 2.8039785038368366, 0, 0], "('1', '3', '0100')": [-150.0, 2.5714222708294434, -0.4817584835256741, -4.539951424881891], "('1', '3', '0101')": [-100.80323674659368, 2.7547010649364454, -0.6522122118880695, -108.04907229234799], "('1', '3', '0110')": [-106.38874310756626, 1.9874789605395486, -149.97629670162416, 2.8063162284997993], "('1', '3', '0111')": [-57.14285714285714, 2.7972147912873977, -85.71428571428571, -85.71428571428571], "('1', '3', '1000')": [-2.520788201991976, -149.9999999999999, -10.253486394600726, -21.825179882895178], "('1', '3', '1001')": [-1.7559479484518477, -138.19241982507288, -57.25734728859874, -97.37609329446065], "('1', '3', '1010')": [0.7969149058642765, -137.4427321949188, -122.44897959183673, 2.843646847720254], "('1', '3', '1011')": [-0.46645421200755055, -85.71428571428571, -57.14285714285714, -85.71428571428571], "('1', '3', '1100')": [-98.55417385613137, -138.19241982507288, 0.8015566945319696, 2.804060432607015], "('1', '3', '1101')": [-85.71428571428571, -81.63265306122449, -1.4455510923625634, -85.71428571428571], "('1', '3', '1110')": [-57.14285714285714, -97.37609329446065, -81.63265306122449, 2.9709093082752753], "('1', '3', '1111')": [-92.12827988338192, -81.63265306122449, -85.71428571428571, -81.63265306122449], "('1', '-1', '0000')": [0, 0, 0, 0], "('1', '-1', '0001')": [-2.01948178894457, 3.548765907004426, -56.9628297878331, -149.6016601440362],