{"('0', '2', '0000')": [0, 0, 0, 0], "('0', '2', '0001')": [2.9105020334757947, -2.7445835958382574, 3.1961027049703747, -150.0], "('0', '2', '0010')": [-55.932095645375554, -2.797914288278051, -149.9686438014256, -2.0223259906313906], "('0', '2', '0011')": [2.9206529508757946, -2.5041227728504953, -122.44897959183673, -57.14285714285714], "('0', '2', '0100')": [-149.99991673050917, -2.6692732908269545, -56.569998500901086, -23.891807906054655], "('0', '2', '0101')": [-149.82928291887265, 0.8388208957568102, 3.0546374532486213, -112.28239267282291], "('0', '2', '0110')": [-57.14285714285714, -2.619475676124204, -122.44897959183673, -2.485559904895516], "('0', '2', '0111')": [-57.14285714285714, -2.799658239068525, -109.62099125364432, -85.71428571428571], "('0', '2', '1000')": [2.8048740025299077, -149.99999999941275, 3.377622722798316, 0.2203476456900199], "('0', '2', '1001')": [2.800080952735448, -121.13868670546616, 2.961839049020724, -112.5056353949713], "('0', '2', '1010')": [3.0563155197833374, -99.96206287086059, -121.00494015318135, -56.768513971790725], "('0', '2', '1011')": [3.360265204393772, -81.63265306122449, -92.12827988338192, -92.12827988338192], "('0', '2', '1100')": [-138.19241982507288, -57.14285714285714, 2.677336862162658, 0.7256460552130952], "('0', '2', '1101')": [-144.9396084964598, -92.12827988338192, 2.904039429587834, -110.20408163265306], "('0', '2', '1110')": [-81.63265306122449, -81.63265306122449, -57.14285714285714, -1.498630144969901], "('0', '2', '1111')": [-110.20408163265306, -120.69970845481049, -92.12827988338192, -110.20408163265306], "('0', '3', '0000')": [0, 0, 0, 0], "('0', '3', '0001')": [2.6606872300563262, -56.805518170096484, -59.09871046296001, -149.82928291887265], "('0', '3', '0010')": [2.7728964934720697, 0.8721965504698314, -149.99999999253995, 3.941220873840728], "('0', '3', '0011')": [2.8536155266105903, 0, 0, 0], "('0', '3', '0100')": [-149.9999997788696, 0.8004816181625265, -56.859809494079606, 3.533641990740996], "('0', '3', '0101')": [-85.71428571428571, -58.29842033649986, -2.6445341836493306, -81.63265306122449], "('0', '3', '0110')": [-57.14285714285714, 0.5975265918334198, -57.14285714285714, -56.28237889161167], "('0', '3', '0111')": [-57.14285714285714, -1.7631830110646192, -110.20408163265306, -57.14285714285714], "('0', '3', '1000')": [2.5971214662938906, -150.0, 0.6941727001918381, 2.5439240646617307], "('0', '3', '1001')": [2.798097071451825, -120.69970845481049, 0.08425137239326412, -125.19783423573512], "('0', '3', '1010')": [2.6308300353985192, -101.0921477230028, -149.99971523890173, 2.9059893455358], "('0', '3', '1011')": [2.825857027268892, 0, 0, 0], "('0', '3', '1100')": [-144.9396084964598, -92.12827988338192, -56.780598033429776, 2.8018519585334074], "('0', '3', '1101')": [-85.71428571428571, -57.14285714285714, 0.8115634322613168, -57.14285714285714], "('0', '3', '1110')": [-81.63265306122449, -85.71428571428571, -57.14285714285714, 3.1377775646441357], "('0', '3', '1111')": [-96.62640566430653, -122.44897959183673, -97.37609329446065, -120.69970845481049], "('0', '-1', '0000')": [0, 0, 0, 0], "('0', '-1', '0001')": [5.617049691793557, -2.4217186016880135, 1.477412727669605, -149.92683553665972], "('0', '-1', '0010')": [9.209969683406886, 0.691235188275036, -149.92683553665972, -2.7999959975888222], "('0', '-1', '0011')": [13.536601917173979, 0, 0, 0], "('0', '-1', '0100')": [-138.19241982507288, -2.367249288177528, -3.447907786784728, -1.8194879409123534], "('0', '-1', '0101')": [-110.20408163265306, -2.2026396903467775, -57.79911898216741, -122.44897959183673], "('0', '-1', '0110')": [-57.14285714285714, -2.7284476720817787, -122.44897959183673, 1.5235393248005042], "('0', '-1', '0111')": [-81.63265306122449, -1.5552331957629235, -57.14285714285714, -85.71428571428571], "('0', '-1', '1000')": [3.551120233028633, -150.0, 0.8333229914797464, -2.6517024005176104], "('0', '-1', '1001')": [-22.846922985346115, -104.3731778425656, -0.030452212997575542, -104.62817363513503], "('0', '-1', '1010')": [3.080130591728295, -93.87755102040816, -85.71428571428571, 0.45170832302716296], "('0', '-1', '1011')": [2.866909153366217, -57.14285714285714, -57.14285714285714, -57.14285714285714], "('0', '-1', '1100')": [-110.20408163265306, -81.63265306122449, -57.29548444977653, 1.1817372735290523], "('0', '-1', '1101')": [-85.71428571428571, -85.71428571428571, -0.8484842267951156, -85.71428571428571], "('0', '-1', '1110')": [-57.14285714285714, -85.71428571428571, -85.71428571428571, -2.6524407199263687], "('0', '-1', '1111')": [-85.71428571428571, -57.14285714285714, -57.14285714285714, 0], "('1', '2', '0000')": [0, 0, 0, 0], "('1', '2', '0001')": [-1.4875225054037047, -55.97836358817722, 2.354275605754073, -150.0], "('1', '2', '0010')": [-2.3879971589749918, -24.610962180440463, -149.99424069822103, -0.35612274393064125], "('1', '2', '0011')": [-2.6072045180568915, 2.7074270925807697, -85.71428571428571, -92.12827988338192], "('1', '2', '0100')": [-150.0, 2.80441261019429, 0.25397196935749244, -2.127736627356045], "('1', '2', '0101')": [-148.72711196506975, 2.655997699425287, 2.513462894868081, -100.29140813633714], "('1', '2', '0110')": [-117.45477424112298, 2.8028366779820484, -148.8566076959127, 0.5351343747449601], "('1', '2', '0111')": [-137.4427321949188, 2.6157976093676107, -116.36817992503123, -101.87421907538526], "('1', '2', '1000')": [-2.3879979543184735, -149.99999879606793, -56.881998504635, -1.2289360493455248], "('1', '2', '1001')": [-0.513015274300861, -144.9396084964598, 2.738885009113302, -101.16122451864055], "('1', '2', '1010')": [-1.251373487469181, -125.9475218658892, -142.6905456059975, -4.657027259660827], "('1', '2', '1011')": [-0.6466602447947127, -85.71428571428571, -85.71428571428571, -93.87755102040816], "('1', '2', '1100')": [-92.12827988338192, -144.9396084964598, -5.117833258733713, 0.7985529502309404], "('1', '2', '1101')": [-92.12827988338192, -142.6905456059975, 2.361069872729228, -92.12827988338192], "('1', '2', '1110')": [-110.20408163265306, -57.14285714285714, -110.20408163265306, 0.6899222311128209], "('1', '2', '1111')": [-125.9475218658892, -104.12328196584757, -132.94460641399417, -128.3058686674527], "('1', '3', '0000')": [0, 0, 0, 0], "('1', '3', '0001')": [-57.722234895727624, 2.8167399281566903, -73.98145708656807, -149.07054033608446], "('1', '3', '0010')": [-0.46821524829248135, 2.80000000005149, -149.9999999999538, 1.6370488434836241], "('1', '3', '0011')": [-0.7096577203063299, 0, 0, 0], "('1', '3', '0100')": [-150.0, 2.7807813171876683, 1.0539495480139767, 2.800000000063524], "('1', '3', '0101')": [-104.3731778425656, 2.8260398678128675, 0.8653896131656978, -118.7811686821453], "('1', '3', '0110')": [-134.78315691897186, -55.62135675554326, -149.87094870884266, 2.8485661736770203], "('1', '3', '0111')": [-57.14285714285714, 2.802123856562423, -85.71428571428571, -85.71428571428571], "('1', '3', '1000')": [0.6499284844527846, -149.9999999999802, -30.012934229178974, 3.8762251526429736], "('1', '3', '1001')": [0.45121681897666316, -138.19241982507288, -56.77744382778156, -93.87755102040816], "('1', '3', '1010')": [0.8263776516641339, -137.4427321949188, -122.44897959183673, -56.47249709247289], "('1', '3', '1011')": [-0.43839431069898827, -85.71428571428571, -57.14285714285714, -85.71428571428571], "('1', '3', '1100')": [-98.55417385613137, -138.19241982507288, 0.8015566945319696, 2.819499239111438], "('1', '3', '1101')": [-85.71428571428571, -57.14285714285714, 0.8224293870333277, -85.71428571428571], "('1', '3', '1110')": [-57.14285714285714, -93.87755102040816, -81.63265306122449, 3.2173739508649795], "('1', '3', '1111')": [-92.12827988338192, -81.63265306122449, -85.71428571428571, -81.63265306122449], "('1', '-1', '0000')": [0, 0, 0, 0], "('1', '-1', '0001')": [-0.47879620915360444, -54.91304518631519, -14.499231388731893, -149.6016601440362],