{"('0', '2', '0000')": [0, 0, 0, 0], "('0', '2', '0001')": [2.9749516131748663, 0.8555977854087058, 2.861786299671861, -150.0], "('0', '2', '0010')": [-3.386418530687405, 0.8072729630058978, -149.99996431307534, 0.9407403298884847], "('0', '2', '0011')": [-55.93890861134471, -0.01649455301613256, -138.19241982507288, -57.14285714285714], "('0', '2', '0100')": [-149.99999999974833, -1.0341138220503339, 2.9122873850977244, -12.308865489772863], "('0', '2', '0101')": [-121.42610315638045, 0.8201798258504559, 1.5543629982225218, -100.96683557482862], "('0', '2', '0110')": [-132.94460641399417, -2.7926400146664214, -144.9396084964598, 1.0272662571333244], "('0', '2', '0111')": [-110.20408163265306, -2.4156889359690124, -109.62099125364432, -93.87755102040816], "('0', '2', '1000')": [2.8676581661953193, -150.0, 4.3625259130282465, 0.9407403298884847], "('0', '2', '1001')": [-55.929373896029006, -128.58173924255206, 2.861786865829587, -132.22014291103338], "('0', '2', '1010')": [2.837885022165683, -128.56844226680244, -132.08807047404196, -2.1668958862014587], "('0', '2', '1011')": [3.8044899036762923, -81.63265306122449, -92.12827988338192, -92.12827988338192], "('0', '2', '1100')": [-138.19241982507288, -98.55417385613137, -1.4359675091982629, 0.8179302164951103], "('0', '2', '1101')": [-108.2542138054722, -92.12827988338192, 2.8067607761287197, -110.20408163265306], "('0', '2', '1110')": [-81.63265306122449, -81.63265306122449, -57.14285714285714, -0.7665623422697567], "('0', '2', '1111')": [-110.20408163265306, -120.69970845481049, -128.57112633401744, -110.20408163265306], "('0', '3', '0000')": [0, 0, 0, 0], "('0', '3', '0001')": [2.513347481420557, -1.6015781719269981, -3.602235211588627, -149.92683553665972], "('0', '3', '0010')": [1.5328903693428848, 2.3047918348731677, -150.0, 2.7738469392296676], "('0', '3', '0011')": [-0.23073375048274083, -0.10865229025135942, -85.71428571428571, -85.71428571428571], "('0', '3', '0100')": [-150.0, 0.7078315100564216, -0.029925558945137033, 2.783175008879542], "('0', '3', '0101')": [-85.71428571428571, 0.3264834142654251, -68.05824185667295, -81.63265306122449], "('0', '3', '0110')": [-57.14285714285714, 2.6037664906229496, -110.20408163265306, -56.28237889161167], "('0', '3', '0111')": [-57.14285714285714, -1.9747874137718346, -110.20408163265306, -57.14285714285714], "('0', '3', '1000')": [2.3823424403026436, -150.0, 0.6333626683755513, 1.6391149355480437], "('0', '3', '1001')": [2.289017953250222, -120.69970845481049, -56.96815389174094, -104.62817363513503], "('0', '3', '1010')": [2.5321429847142394, -100.26686825397039, -121.42747441402297, -55.93249062427756], "('0', '3', '1011')": [1.9031218251184212, -57.14285714285714, -85.71428571428571, -57.14285714285714], "('0', '3', '1100')": [-144.9396084964598, -92.12827988338192, -56.780598033429776, 5.636443190387801], "('0', '3', '1101')": [-85.71428571428571, -57.14285714285714, -1.5163369495895602, -57.14285714285714], "('0', '3', '1110')": [-81.63265306122449, -85.71428571428571, -57.14285714285714, 0.8450219374448235], "('0', '3', '1111')": [-127.95178879548487, -122.44897959183673, -128.08948652347237, -101.6294231145186], "('0', '-1', '0000')": [0, 0, 0, 0], "('0', '-1', '0001')": [4.3821311535191025, -0.26910883180731565, -23.846144169902914, -149.99424069822103], "('0', '-1', '0010')": [-4.485922792743448, -1.507986089552885, -149.99894216906102, -1.0212552537328605], "('0', '-1', '0011')": [3.428169615567091, -2.7646684532277197, -85.71428571428571, -81.63265306122449], "('0', '-1', '0100')": [-149.6016601440362, -1.648252740056685, 0.5860876761506955, -57.89834957147952], "('0', '-1', '0101')": [-114.11911703456893, -0.6328657072768733, -22.631557306076626, -138.19241982507288], "('0', '-1', '0110')": [-57.14285714285714, -2.7284476720817787, -122.44897959183673, 0.9621791987500763], "('0', '-1', '0111')": [-81.63265306122449, -0.6475834692675545, -57.14285714285714, -85.71428571428571], "('0', '-1', '1000')": [3.667885901523206, -150.0, 0.517339575176724, 1.4262006620816507], "('0', '-1', '1001')": [5.367717282038185, -149.71727806141342, 1.878328206250409, -100.00526738862627], "('0', '-1', '1010')": [8.409263705147811, -105.15929344308677, -132.69471053727614, 0.786576866124838], "('0', '-1', '1011')": [11.84073765585824, -57.14285714285714, -57.14285714285714, -57.14285714285714], "('0', '-1', '1100')": [-110.20408163265306, -81.63265306122449, -57.29548444977653, -2.202798689586326], "('0', '-1', '1101')": [-85.71428571428571, -93.87755102040816, 0.9352494374156708, -85.71428571428571], "('0', '-1', '1110')": [-57.14285714285714, -85.71428571428571, -85.71428571428571, -2.1226188492263334], "('0', '-1', '1111')": [-85.71428571428571, -81.63265306122449, -57.14285714285714, -57.14285714285714], "('1', '2', '0000')": [0, 0, 0, 0], "('1', '2', '0001')": [-1.0137359822707621, -8.21304963416195, 1.2780503155390155, -150.0], "('1', '2', '0010')": [-0.48441346282850334, 2.507417359192618, -149.99999999941275, 0.8018976340564667], "('1', '2', '0011')": [-2.3104031261173072, 1.4859969632769046, -147.83126078419707, -96.62640566430653], "('1', '2', '0100')": [-150.0, 2.976067090299453, 1.2820322026172997, -2.692133665656944], "('1', '2', '0101')": [-149.9764333544279, -1.8340412083656492, 2.63691453170956, -106.34118136645095], "('1', '2', '0110')": [-100.00328408322875, -56.29990089842344, -137.7409268175597, 1.468891705707939], "('1', '2', '0111')": [-106.87723652559734, 1.8877704429071618, -131.57782896582205, -101.87421907538526], "('1', '2', '1000')": [-2.7999674671092176, -150.0, -24.57945192758215, 0.26409221705312746], "('1', '2', '1001')": [0.8063723675496837, -147.7484688373467, -55.9156911671855, -100.21328613607685], "('1', '2', '1010')": [-1.0258967338943705, -142.8588428290933, -115.93416667808654, -57.08188787467005], "('1', '2', '1011')": [-1.6265706380893725, -122.44897959183673, -85.71428571428571, -93.87755102040816], "('1', '2', '1100')": [-99.88618861258178, -149.6016601440362, 1.483814505675166, -57.4660563999788], "('1', '2', '1101')": [-92.12827988338192, -142.6905456059975, 2.2946235560892063, -98.55417385613137], "('1', '2', '1110')": [-104.3731778425656, -81.63265306122449, -132.94460641399417, -1.7016487950325352], "('1', '2', '1111')": [-128.94658462625162, -102.24943229174258, -132.94460641399417, -130.79958732950794], "('1', '3', '0000')": [0, 0, 0, 0], "('1', '3', '0001')": [-58.3425786952948, 2.574587967095587, -62.824693529558154, -149.99753172780902], "('1', '3', '0010')": [-0.1830516157159591, 1.507324313523529, -150.0, 2.2357702433557956], "('1', '3', '0011')": [-0.7096577203063299, 2.8793265140206463, 0, 0], "('1', '3', '0100')": [-150.0, 2.0057828430424527, 1.0707622151958973, -55.9240066117978], "('1', '3', '0101')": [-103.62817324507014, 2.3899523127631106, -81.46695755963532, -148.5847458790838], "('1', '3', '0110')": [-100.0072711171693, -55.944591685895055, -147.7505944010528, 2.7362599942214465], "('1', '3', '0111')": [-57.14285714285714, 2.4108197374263964, -122.44897959183673, -85.71428571428571], "('1', '3', '1000')": [-2.6786156598889885, -150.0, -1.1444870700359462, 2.497082561292655], "('1', '3', '1001')": [-57.63382804783696, -107.01493425358481, -3.1915779415203316, -99.51805795204379], "('1', '3', '1010')": [-0.878357295442963, -144.61831379782234, -138.19241982507288, 2.727878345449575], "('1', '3', '1011')": [-1.3235496732451928, -85.71428571428571, -57.14285714285714, -85.71428571428571], "('1', '3', '1100')": [-99.88618861258178, -144.9396084964598, 0.7979450664581396, 3.187728210409249], "('1', '3', '1101')": [-85.71428571428571, -81.63265306122449, 0.7899830495533551, -93.87755102040816], "('1', '3', '1110')": [-57.14285714285714, -97.37609329446065, -81.63265306122449, -0.3121093477232668], "('1', '3', '1111')": [-96.62640566430653, -96.62640566430653, -93.87755102040816, -92.12827988338192], "('1', '-1', '0000')": [0, 0, 0, 0],