{"('0', '2', '0000')": [0, 0, 0, 0], "('0', '2', '0001')": [2.6217729459322654, 1.1732187086831964, 3.000871470022112, -149.99999999680284], "('0', '2', '0010')": [-8.638580548826434, -1.7481793049739878, -149.07054033608446, -1.5168281878073553], "('0', '2', '0011')": [2.850565073682072, -1.8025425424021364, -85.71428571428571, -93.87755102040816], "('0', '2', '0100')": [-149.9865616291824, -1.7482477826403455, -55.93809962355907, -1.1637386729802564], "('0', '2', '0101')": [-149.46574027092902, -2.714162409358855, -55.937530994399495, -107.79615809808527], "('0', '2', '0110')": [-97.37609329446065, -1.4337938615406085, -114.11911703456893, -58.03065160714231], "('0', '2', '0111')": [-85.71428571428571, -2.7809873626467914, -57.14285714285714, -57.14285714285714], "('0', '2', '1000')": [2.522757915894007, -149.99999999253995, -7.987464529653367, -23.880816045850302], "('0', '2', '1001')": [-55.865977251986976, -119.91497466218928, 2.878656781432742, -146.61633593249792], "('0', '2', '1010')": [2.798124518991134, -138.19241982507288, -110.20408163265306, 0.0034161713992023066], "('0', '2', '1011')": [1.6200530481730773, -85.71428571428571, -57.14285714285714, -57.14285714285714], "('0', '2', '1100')": [-122.44897959183673, -81.63265306122449, -1.1847177703919198, 0.7987943782478069], "('0', '2', '1101')": [-85.71428571428571, -57.14285714285714, 2.8073008927933656, -57.14285714285714], "('0', '2', '1110')": [-85.71428571428571, -57.14285714285714, -57.14285714285714, 0.8655363945885969], "('0', '2', '1111')": [-81.63265306122449, -81.63265306122449, -81.63265306122449, -57.14285714285714], "('0', '3', '0000')": [0, 0, 0, 0], "('0', '3', '0001')": [2.8415647599101472, -58.17441485956601, -64.26771144603228, -85.71428571428571], "('0', '3', '0010')": [0.5693089125339628, -1.166004269702602, -149.99424069822103, 3.046652647492152], "('0', '3', '0011')": [2.866321394184624, 0, 0, 0], "('0', '3', '0100')": [-149.99894216906102, -0.3097784778751666, -57.85588291883126, -24.032351645685228], "('0', '3', '0101')": [-122.44897959183673, -1.5702817350634302, -58.100180447038696, -110.20408163265306], "('0', '3', '0110')": [-122.44897959183673, -2.597721611105766, -85.71428571428571, -55.891003390167505], "('0', '3', '0111')": [-57.14285714285714, -1.0325484338241477, -85.71428571428571, -57.14285714285714], "('0', '3', '1000')": [2.864656293193562, -149.99991673050917, 0.8825434118495746, 2.8484344395975674], "('0', '3', '1001')": [2.8441014554942763, -57.14285714285714, -57.88059621889543, -120.69970845481049], "('0', '3', '1010')": [2.8194377954041725, -102.16054292247034, -101.87421907538526, 2.8015310892540235], "('0', '3', '1011')": [2.8131060841491964, 0, 0, 0], "('0', '3', '1100')": [-122.44897959183673, -57.14285714285714, -56.788550619543976, 2.811866650494144], "('0', '3', '1101')": [-110.20408163265306, -85.71428571428571, -0.028754567973721876, -85.71428571428571], "('0', '3', '1110')": [-57.14285714285714, -85.71428571428571, -110.20408163265306, 2.6979345126906846], "('0', '3', '1111')": [-81.63265306122449, -85.71428571428571, -81.63265306122449, -110.20408163265306], "('0', '-1', '0000')": [0, 0, 0, 0], "('0', '-1', '0001')": [3.6501659608032724, -2.134900058965017, -24.433640387428937, -144.9396084964598], "('0', '-1', '0010')": [2.8753424612900194, -0.1502355551720554, -122.44897959183673, -0.9660053740482689], "('0', '-1', '0011')": [2.975500549176673, -1.5190691450927591, -85.71428571428571, -57.14285714285714], "('0', '-1', '0100')": [-85.71428571428571, -2.4081614232255726, -2.195728530181977, 0.5592318147138609], "('0', '-1', '0101')": [-57.14285714285714, -0.8757696842142711, -2.799582810459101, -122.44897959183673], "('0', '-1', '0110')": [-57.14285714285714, -1.871869914333627, -57.14285714285714, -2.6128051745560406], "('0', '-1', '0111')": [-57.14285714285714, -1.867508616569631, 0, 0], "('0', '-1', '1000')": [2.8590923121118808, -150.0, 0.8267202027993805, -2.010824432501195], "('0', '-1', '1001')": [2.9494287703486144, -122.44897959183673, -56.7878531550126, -92.12827988338192], "('0', '-1', '1010')": [2.8133787256904172, -57.14285714285714, -81.63265306122449, -1.949945039996115], "('0', '-1', '1011')": [-0.250039803071828, -57.14285714285714, -85.71428571428571, 0], "('0', '-1', '1100')": [-85.71428571428571, -57.14285714285714, -56.758143948149254, -0.4309896106234983], "('0', '-1', '1101')": [-57.14285714285714, -57.14285714285714, -0.08891252739259009, -85.71428571428571], "('0', '-1', '1110')": [-57.14285714285714, -57.14285714285714, -57.14285714285714, 0.2514314054930403], "('0', '-1', '1111')": [0, 0, 0, 0], "('1', '2', '0000')": [0, 0, 0, 0], "('1', '2', '0001')": [-1.918976045277043, 0.20389397694090616, 2.9220250255544507, -149.9999999999538], "('1', '2', '0010')": [-2.6116111115111194, 3.4964698255887487, -149.9865616291824, -0.7793013604071652], "('1', '2', '0011')": [-0.8772953183985177, 2.687798938132401, -122.44897959183673, -98.55417385613137], "('1', '2', '0100')": [-149.99999344525872, 3.4964698255887487, 3.8833975050886558, -1.1935696180990027], "('1', '2', '0101')": [-101.68563199406981, 2.4666922393223736, 3.067072385617216, -102.66510755334097], "('1', '2', '0110')": [-99.99999660124527, -55.95719711454394, -147.7494091315147, 0.8825107064904976], "('1', '2', '0111')": [-96.62640566430653, 2.9507899032936957, -85.71428571428571, -57.14285714285714], "('1', '2', '1000')": [0.81737952855226, -149.99894216906102, 2.8584466357093756, -9.844461460220902], "('1', '2', '1001')": [0.8029796520046736, -129.24212871406627, -55.8201365519196, -104.3731778425656], "('1', '2', '1010')": [-2.7643301434080643, -98.87546855476884, -148.657447152122, -2.7560732734179085], "('1', '2', '1011')": [0.9840811972008565, -57.14285714285714, -57.14285714285714, -110.20408163265306], "('1', '2', '1100')": [-96.62640566430653, -85.71428571428571, 3.2209055139007026, -2.620786253039925], "('1', '2', '1101')": [-57.14285714285714, -85.71428571428571, 5.494876972530248, -57.14285714285714], "('1', '2', '1110')": [-81.63265306122449, -98.87546855476884, -57.14285714285714, -2.4922240658052432], "('1', '2', '1111')": [-122.44897959183673, -128.3058686674527, -122.44897959183673, -122.44897959183673], "('1', '3', '0000')": [0, 0, 0, 0], "('1', '3', '0001')": [-2.788555937937293, -55.423903550492504, -65.87931687803, -149.6016601440362], "('1', '3', '0010')": [-1.3095398650051164, -55.94144701395422, -149.99999344525872, 2.8009835453586387], "('1', '3', '0011')": [-0.8163265306122449, 1.0035616763701154, 0, 0], "('1', '3', '0100')": [-150.0, 2.8427025744404304, -2.7926431029596888, 2.608544074590771], "('1', '3', '0101')": [-119.25983221276849, 2.8003065424788383, -2.9044416446050105, -98.87546855476884], "('1', '3', '0110')": [-99.51805795204379, -55.94180849069296, -149.4246202080523, 2.536135633711469], "('1', '3', '0111')": [-57.14285714285714, 2.9569800456335846, 0, 0], "('1', '3', '1000')": [-2.230902817510845, -149.99753172780902, -3.631351794338855, -22.13827501687496], "('1', '3', '1001')": [-2.7821981256802326, -85.71428571428571, -26.147788286068792, -57.14285714285714], "('1', '3', '1010')": [-0.9175674872717964, -57.14285714285714, -122.44897959183673, 2.8456954512055557], "('1', '3', '1011')": [-1.5482832358183258, -57.14285714285714, -57.14285714285714, 0], "('1', '3', '1100')": [-57.14285714285714, -138.19241982507288, -23.876815041856872, 2.6300518834718853], "('1', '3', '1101')": [-81.63265306122449, -92.12827988338192, 0.8065455467924056, -122.44897959183673], "('1', '3', '1110')": [-57.14285714285714, -57.14285714285714, -85.71428571428571, 2.801095098028263], "('1', '3', '1111')": [-57.14285714285714, -85.71428571428571, -57.14285714285714, 0], "('1', '-1', '0000')": [0, 0, 0, 0], "('1', '-1', '0001')": [-2.6727624716197345, 3.4395335282204327, -56.799469512686116, -149.9686438014256], "('1', '-1', '0010')": [-2.159618049130838, 2.8154778404049035, -147.83126078419707, -1.7982181632209455],